Type,Value,Other Values
a,fær,
a,afbrigðilegur,
a,fjarstaddur,
a,fullkomlegur,
a,óhlutbundinn,sérstæður
a,ríkulegur,nógur
a,bóklegur,
a,ásættanlegur,skaplegur
a,aðgengilegur,auðfenginn
a,nákvæmur,áreiðanlegur
a,virkur,þróttmikill
a,oddhvass,
a,háður,
a,nægjanlegur,fullnægjandi
a,fagurfræðilegur,
a,hræddur,banginn
a,ágengur,áleitinn
a,fimur,lipur
a,búskaparlegur,
a,vökull,árvakur
a,lifandi,á lífi
a,fálátur,fjarlægur
a,gulbrúnn,
a,tvíræður,vafasamur
a,metnaðargjarn,metnaðarfullur
a,ríflegur,rúmgóður
a,reiður,bálreiður
a,árlegur,
a,nafnlaus,
a,hagnýtur,
a,tilhlýðilegur,eins og vera ber
a,geðþóttalegur,
a,fornleifafræðilegur,
a,hrokafullur,belgingslegur
a,gervi,
a,listrænn,
a,sneyptur,sneypilegur
a,sofandi,
a,skeleggur,ákveðinn
a,undraverður,undrunarverður
a,aðlaðandi,geðslegur
a,sjálfkrafa,
a,laus,tiltækur
a,vakandi,
a,meðvitandi,vitandi
a,agalegur,ferlegur
a,vandræðalegur,
a,vondur,slæmur
a,lélegur,vondur
a,skemmdur,
a,jafnvægur,
a,sköllóttur,hárlaus
a,ber,
a,grundvallar,
a,fallegur,fagur
a,bitur,apur
a,beiskur,súr
a,svartur,
a,bragðlítill,bragðlaus
a,auður,
a,blindur,ósjáandi
a,ljóshærður,bjarthærður
a,blóðugur,
a,frakkur,áleitinn
a,hugaður,frækinn
a,brotinn,bilaður
a,brúnn,móbrúnn
a,skrifræðis,
a,upptekinn,vant við látinn
a,megnugur,
a,gætinn,vandvirkur
a,aðgætinn,
a,miðlægur,
a,viss,ákveðinn
a,einkennandi,
a,gæddur persónutöfrum,
a,ódýr,billegur
a,kátur,
a,barnalegur,auðtrúa
a,þrálátur,langvinnur
a,borgarlegur,
a,óbreyttur borgari,almennur borgari
a,sígildur,klassískur
a,hreinn,hreinlegur
a,heiður,
a,augljós,auðséður
a,náinn,
a,nálægur,á næstu grösum
a,lokaður,
a,kaldur,ahrákaldur
a,kaldlyndur,
a,litblindur,
a,litríkur,
a,þægilegur,
a,verslunar,
a,algengur,
a,sameiginlegur,
a,sameiginlegur,félags
a,sambærilegur,
a,samrýmanlegur,samræmur
a,hæfur,fær
a,samkeppnishæfur,
a,fullbúinn,fullgerður
a,flókinn,margbrotinn
a,yfirgripsmikill,víðtækur
a,hlutkenndur,
a,öruggur,fullviss
a,meðvitaður,
a,íhaldssamur,afturhaldssamur
a,allverulegur,allmikill
a,umtalsverður,talsverður
a,sífelldur,stöðugur
a,stöðugur,látlaus
a,stjórnskipulegur,
a,uppbyggjandi,
a,ásáttur,
a,heimsálfu,
a,samfelldur,látlaus
a,umdeildur,
a,handhægur,auðveldur
a,vanabundinn,
a,svalur,kaldur
a,kuldalegur,hryssingslegur
a,samvinnuþýður,
a,fyrirtækis,
a,gagnrýninn,aðfinnslusamur
a,alvarlegur,tvísýnn
a,þýðingarmikill,nauðsynlegur
a,óunninn,hrár
a,grófur,klúr
a,grimmur,
a,menningarlegur,
a,forvitinn,
a,núgildandi,
a,sætur,aðlaðandi
a,daglegur,
a,hættulegur,háskalegur
a,dimmur,
a,látinn,
a,lífshættulegur,mannhættur
a,heyrnarlaus,daufur
a,afgerandi,
a,skrautlegur,fagur
a,djúpur,
a,fínlegur,fíngerður
a,veikbyggður,viðkvæmur
a,lýðræðislegur,
a,ósjálfstæður,háður
a,ákjósanlegur,eftirsóknarverður
a,ólíkur,frábrugðinn
a,erfiður,amasamur
a,stafrænn,
a,háttvís,
a,tæpitungulaus,hvatorður
a,óhreinn,skítugur
a,klúr,
a,þagmælskur,sagnafár
a,fjarlægur,firð
a,skýr,greinilegur
a,innanríkis,
a,heimilis,
a,allsráðandi,
a,leikrænn,
a,þurr,bleytulaus
a,gjaldfallinn,
a,sljór,bitlaus
a,leiðinlegur,bragðlítill
a,hreyfifræðilegur,
a,ákafur,
a,snemmbúinn,snemma
a,auðveldur,aðgengilegur
a,efnahagslegur,
a,menntunar,menningar
a,áhrifaríkur,
a,skilvirkur,afkastasamur
a,rafrænn,
a,glæsilegur,smekklegur
a,liðtækur,kjörgengur
a,mælskur,málsnjall
a,tilfinningalegur,
a,raunvísindalegur,
a,tómur,
a,hvetjandi,
a,ánægjulegur,
a,fullur ákafa,
a,umhverfis,
a,jafn,samstæður
a,grundvallar,megin
a,stofnað,sem hefð er fyrir
a,eilífur,
a,siðfræðilegur,
a,þjóðlegur,
a,jafn,
a,spenntur,eftirvæntingarfullur
a,spennandi,áhrifamikill
a,einskorðaður,
a,framandi,framandlegur
a,undarlegur,ankringislegur
a,væntanlegur,fyrirhugaður
a,dýr,dýrkeyptur
a,reyndur,vanur
a,tilrauna,
a,hraður,ferðmikill
a,utanverður,ytri
a,útdauður,aldauða
a,óvenjulegur,afbrigðilegur
a,sanngjarn,aðgengilegur
a,trúr,
a,rangur,falsaður
a,kunnuglegur,
a,nýtískulegur,nýtískur
a,hraður,
a,vandfýsinn,kostavandur
a,feitur,fitumukill
a,hagstæður,byrlegur
a,ríkis,
a,kvenlegur,fínlegur
a,fjárhags,
a,fínn,fínlegur
a,lokinn,
a,búinn að vera,úr leik
a,fyrstur,
a,milliliðalaus,
a,flatur,
a,gallaður,
a,liðugur,lipur
a,heimskulegur,andhælislegur
a,formlegur,formfastur
a,framarlegur,
a,ilmandi,
a,hreinskilinn,afdráttarlaus
a,frjáls,ánauðarlaus
a,ókeypis,eftirgjaldlaust
a,laus,frjáls
a,tíður,algengur
a,ferskur,glænýr
a,hortugur,frakkur
a,vingjarnlegur,almennilegur
a,frosinn,
a,fullur,
a,saddur,ánægður
a,gangfær,í lagi
a,fyndinn,skoplegur
a,almennur,altækur
a,gjafmildur,rausnarlegur
a,erfðafræðis,
a,ósvikinn,
a,landfræðilegur,
a,glaður,
a,dýrlegur,dásamlegur
a,hagstæður,tilvalinn
a,góður,réttlátur
a,mikilfenglegur,stórkostlegur
a,lýsandi,
a,myndrænn,
a,þakklátur,
a,frábær,
a,risa,
a,grænn,
a,félagslyndur,
a,nærtækur,innanhandar
a,hamingjusamur,ánægður
a,harður,
a,skaðlegur,skaðsamur
a,hörkulegur,
a,heilbrigður,
a,þungur,
a,hjálplegur,
a,bjargarlaus,
a,hár,
a,kostulegur,bráðskemmtilegur
a,sagnfræðilegur,
a,heilagur,
a,samkynhneigður,
a,heiðarlegur,ráðvandur
a,heiðvirður,
a,láréttur,
a,fjandsamlegur,fjandalegur
a,heitur,varmur
a,risastór,risavaxinn
a,mennskur,
a,svangur,hungraður
a,fáfróður,fákænn
a,ólöglegur,á móti lögum
a,ónæmur,ómóttækilegur
a,keisaralegur,
a,óljós,hulin
a,mikilvægur,markverður
a,ómögulegur,ófær
a,tilkomumikill,aðsúgsmikill
a,ófullnægjandi,ónógur
a,óviðeigandi,illa til fundið
a,getulaus,ófær
a,lygilegur,
a,sjálfstæður,óhlutbundinn
a,innfæddur,fæðingi
a,óbeinn,
a,innanhúss,innandyra
a,iðnaðar,
a,óhjákvæmilegur,nauðsynlegur
a,óendanlegur,
a,áhrifamikill,
a,óformlegur,
a,innri,
a,saklaus,flekklaus
a,ónógur,ófullnægjandi
a,samþáttað,
a,vitsmunalegur,andlegur
a,víxlverkandi,
a,áhugaverður,
a,milli,
a,innvortis,innri
a,alþjóðlegur,
a,ósýnilegur,hulinn
a,óviðkomandi,
a,afbrýðisamur,
a,dóm,
a,yngri,
a,réttlátur,réttmætur
a,vænn,brjóstgóður
a,stæðilegur,fastur fyrir
a,síðastur,aftastur
a,seinn,drægjulegur
a,nýjastur,
a,latur,dáðlaus
a,vinstri,
a,lagalegur,lögfræðilegur
a,löggjafar,
a,frjálslyndur,frjálshuga
a,léttur,
a,ljós,
a,ljós,glóra
a,líklegur,
a,takmarkaður,afmarkaður
a,línulegur,
a,vökvi,lögur
a,bókmenntalegur,
a,beint,
a,líflegur,fjörugur
a,rökréttur,rökfastur
a,einmana,einmanalegur
a,langur,
a,laus,hreyfanlegur
a,týndur,tapaður
a,villur,
a,hávær,aðsúgsmikill
a,lágur,
a,þunglyndur,amalegur
a,tryggur,dyggilegur
a,heppinn,happsamur
a,segulmagnaður,
a,aðal,höfuð
a,stórfelldur,mikill
a,fullveðja,lögráða
a,handknúinn,
a,sjávar,sæ
a,giftur,kvæntur
a,stærðfræðilegur,
a,þroskaður,fullorðinn
a,þroskaður,
a,hámark,
a,þýðingarmikill,
a,vélrænn,vélgengur
a,miðaldar,
a,eftirminnilegur,ráhugaverður
a,geðrænn,
a,miðstéttar,
a,mildur,blíður
a,her,hernaðar
a,lágmarks,
a,minniháttar,
a,auvirðilegur,
a,hreyfanlegur,
a,nútíma,
a,hógvær,hæverskur
a,sameindar,
a,ferlegur,afkárlegur
a,afskræmdur,
a,mánaðarlegur,
a,siðferðilegur,móralskur
a,átakanlegur,
a,margfaldur,
a,sveitafélaga,bæjarstjórnar
a,músíkalskur,
a,gagnkvæmur,gagnhverfur
a,þröngur,aðkrepptur
a,þröngsýnn,ófrjálslyndur
a,nauðsynlegur,sem nauðsyn ber til
a,neikvæður,
a,neikvæður,andrænn
a,taugastrekktur,taugaóstyrkur
a,fælinn,
a,hlutlaus,
a,nýr,nýstárlegur
a,óþekktur,
a,indæll,ljúfur
a,göfuglyndur,veglyndur
a,tiginn,göfugur
a,hnýsinn,forvitinn
a,eðlilegur,eðlislægur
a,illræmdur,
a,kjarnorku,
a,spikfeitur,akfeitur
a,hlutlægur,hlutbundinn
a,torskilinn,torræður
a,augljós,auðsær
a,atvinnu,
a,furðulegur,undarlegur
a,ónotalegur,afundinn
a,árásar,
a,opinber,
a,gamall,aldinn
a,opinn,
a,starfs,
a,andvígur,andsnúinn
a,bjartsýnn,
a,valfrjáls,
a,munnlegur,
a,venjulegur,hversdagslegur
a,lífrænn,
a,upprunalegur,
a,viðtekinn,algildur
a,annar,annar til
a,ytri,
a,útivið,
a,sársaukafullur,kvalafullur
a,samhliða,
a,lamaður,lama
a,foreldra,
a,hluta,
a,vandur,
a,sérstakur,einstakur
a,ástríðufullur,
a,aðgerðalaus,
a,liðinn,sem leið
a,þolinmóður,eirinn
a,friðsamlegur,friðsamur
a,fullkominn,
a,varanlegur,blífanlegur
a,persónulegur,sérstæður
a,smásálarlegur,smásmugulegur
a,heimspekilegur,fílósófískur
a,líkamlegur,
a,fábrotinn,
a,viðkunnanlegur,viðmótsþýður
a,kurteis,fagurmáll
a,pólitískur,
a,fátækur,allslaus
a,vinsæll,ástsæll
a,flytjanlegur,
a,jákvæður,frumlægur
a,mögulegur,sem getur gerst
a,valdamikill,sterkur
a,hagnýtur,gagnlegur
a,hagsýnn,aðdráttasamur
a,fyrirsjáanlegur,
a,ófrísk,
a,ótímabær,
a,nútíðar,
a,viðstaddur,nálægur
a,forseta,
a,aðal,
a,einka,prívat
a,forréttinda,
a,skapandi,
a,faglegur,
a,spekingslegur,andríkur
a,framsækinn,
a,langvarandi,
a,almennilegur,
a,hlutfallslegur,hlutbundinn
a,stoltur,
a,fylkis,
a,almennings,
a,tær,
a,ósvikinn,réttur
a,hæfur,fallinn til
a,megindlegur,
a,þögull,hljóðlaus
a,hljóður,
a,kynþátta,
a,tilviljanakenndur,
a,sjaldgæfur,dæmafár
a,vitænn,röklegur
a,hrár,
a,tilbúinn,gerður
a,raunverulegur,áþreifanlegur
a,ekta,
a,raunsær,
a,hæfilegur,
a,fljótfær,
a,staðbundinn,svæðisbundinn
a,reglulegur,formfastur
a,skyldur,í ætt við
a,tengdur,mægður
a,afstæður,
a,viðeigandi,sem skiptir máli
a,óbrigðull,áreiðanlegur
a,trúaður,trúhneigður
a,fulltrúa,
a,búsettur,
a,íbúðar,
a,virðulegur,tignarlegur
a,áreiðanlegur,
a,eirðarlaus,hvíldarlaus
a,hættur störfum sökum aldurs,
a,byltingar,þjóðfélagsbyltingar
a,ríkur,auðugur
a,rétt,
a,rómantískur,
a,rotinn,fúinn
a,ömurlegur,nöturlegur
a,grófur,grófgerður
a,kringlóttur,
a,sveita,landsbyggðar
a,sorgmæddur,angurmóður
a,öruggur,ártryggilegur
a,sómasamlegur,boðlegur
a,sáttur,
a,vísindalegur,
a,árstíðabundinn,
a,veraldlegur,heimslegur
a,verndaður,
a,eldri,
a,viðkvæmur,hörundsár
a,aðskilinn,
a,alvarlegur,alvörugefinn
a,kynferðislegur,
a,grunnur,
a,grunnhygginn,barnalegur
a,beittur,skarpur
a,lágvaxinn,stuttur
a,skammur,
a,feiminn,bljúgur
a,veikur,sjúkur
a,svipaður,áþekkur
a,einhleypur,ókvæntur
a,stakur,
a,fær,æfður
a,háll,skreipur
a,hægur,
a,lávaxinn,
a,klár,
a,sléttur,silkimjúkur
a,félagslegur,
a,þjóðfélagslegur,félagslegur
a,mjúkur,
a,hljóðlegur,
a,óáfengur,
a,sól,
a,fastur,
a,gegnheill,
a,fágaður,
a,gallalaus,
a,súr,
a,rúm,
a,tilgreindur,tiltekinn
a,ferhyrndur,fernings
a,stöðugur,
a,staðlaður,
a,tölfræðilegur,
a,brattur,
a,límugur,límkenndur
a,mollulegur,heitur
a,lygn,
a,beinn,bugðulaus
a,skrítinn,einkennilegur
a,herstjórnarlegur,hernaðarlistar
a,strangur,harður
a,sterkur,sterklegur
a,sterkur,magnaður
a,ákveðinn,afrdráttarlaus
a,öruggur,áreiðanlegur
a,formgerðar,
a,þrár,þrjóskur
a,undurfagur,töfrandi
a,vitlaus,sljór
a,huglægur,frumlægur
a,eftirfarandi,
a,árangursríkur,happasæll
a,sviplegur,skyndilegur
a,nægur,nógur
a,æðri,fremri
a,viðbótar,
a,hissa,
a,óvæntur,
a,sætur,ísætur
a,geðfelldur,geðþekkur
a,skipulegur,skipulagður
a,hæfileikaríkur,hæfileikamikill
a,málgefinn,ræðinn
a,hávaxinn,stórvaxinn
a,ljúffengur,
a,tæknilegur,fræðilegur
a,tímabundinn,
a,meyr,
a,blíður,meyr
a,strekktur,
a,enda,
a,digur,
a,þéttur,éttlegur
a,grannur,grannholda
a,þyrstur,
a,hugulsamur,
a,snyrtilegur,þrifinn
a,þreyttur,dasaður
a,umburðarlyndur,umburðarsamur
a,harður,harðsnúinn
a,harður,haðrskeyttur
a,eitraður,
a,hefðbundinn,hefðfestur
a,gegnsær,
a,ómerkilegur,léttvægur
a,hitabeltis,
a,sannur,
a,dæmigerður,
a,ljótur,herfilegur
a,endanlegur,
a,einróma,
a,óvar,
a,óþægilegur,amalegur
a,órólegur,áhyggjufullur
a,atvinnulaus,
a,ósanngjarn,óréttmætur
a,ólánsamur,
a,einsleitur,
a,dæmalaus,einstakur
a,hnattrænn,
a,ólöglegur,
a,ójafn,ólíkur
a,ólíklegur,
a,þéttbýlis,
a,gagnlegur,
a,gagnslaus,ónýtur
a,laus,auður
a,óljós,óskýr
a,hégómlegur,hégómafullur
a,gildur,réttmætur
a,dýrgripur,djásn
a,margvíslegur,fjölbreyttur
a,lóðréttur,
a,lífvænn,
a,grimmur,siðspilltur
a,þrekmikill,þróttmikill
a,ofbeldisfullur,gerræðisfullur
a,sýnilegur,sjáanlegur
a,sjón,
a,starfs,atvinnu
a,sjálfboða,sjálfboðinn
a,hlýr,heitur
a,hlýr,alúðlegur
a,veikburða,veill
a,vikulegur,
a,velkominn,
a,hraustur,dáðrakkur
a,blautur,
a,hvítur,
a,heill,alger
a,villtur,ólmur
a,ólmur,óstýrilátur
a,spakur,vitur
a,skrifaður,
a,rangur,
a,rangur,óréttur
a,ungur,
n,klaustur,munkaklaustur
n,geta,hæfi
n,fóstureyðing,
n,fjarvera,burtvera
n,niðursökkning,
n,ísog,
n,uppsogun,
n,misnotkun,
n,skítkast,skammaryrði
n,akademía,
n,hreimur,hljómblær
n,viðurkenning,
n,aðgangur,
n,tilviljun,hending
n,slys,óhapp
n,útskýring,gllósa
n,reikningur,
n,bókari,
n,samsafn,hópur
n,afrek,afreksverk
n,sýra,
n,kunningsskapur,
n,kunningi,kunnmaður
n,fengur,
n,gjörningur,tiltæki
n,leikhluti,
n,tilhlutun,tilhlutan
n,hernaðaraðgerð,
n,atburðarrás,
n,virkni,
n,ábót,samlagning
n,ábót,ábætir
n,heimilisfang,
n,stjórnsýsla,umsýsla
n,stjórnandi,forráðamaður
n,aðdáun,dálæti
n,aðgangseyrir,
n,ættleiðing,
n,fullorðinn,fulltíða
n,framsókn,
n,plús,
n,ævintýri,
n,auglýsing,tilkynning
n,ráð,ábending
n,ráðgjafi,
n,forsvarsmaður,
n,ástarsamband,
n,samsækni,
n,mægðir,mágsemd
n,eftirmiðdagur,
n,aldur,
n,gamalsaldur,
n,tímabil,tíð
n,umboð,umboðsskrifstofa
n,dagskrá,efnisskrá
n,umboðsmaður,forráðamaður
n,fulltrúi,
n,kvöl,bágindi
n,samkomulag,bræðingur
n,jarðrækt,
n,aðstoð,
n,alnæmi,
n,loft,
n,flugtæki,flugfartæki
n,flugfélag,
n,flugvöllur,flughöfn
n,gangur,
n,viðvörun,
n,vekjaraklukka,
n,felmtur,ótti
n,albúm,bók
n,albúm,
n,áfengi,
n,hlutur,hluti
n,vasapeningar,styrkur
n,bandamaður,
n,vinur,félagi
n,altari,
n,ál,alúminíum
n,áhugamaður,
n,tvíræðni,margræðni
n,metnaður,
n,sjúkrabíll,
n,lagabreyting,
n,hliðstæða,líking
n,greining,
n,sálkönnuður,
n,engill,
n,reiði,vonska
n,hlutdrægni,halli
n,horn,
n,dýr,kvikindi
n,ökli,
n,minningardagur,árlegur hátíðisdagur
n,tilkynning,auglýsing
n,svar,andmæli
n,maur,
n,eftirvænting,
n,kvíði,
n,tómlæti,afskiptaleysi
n,afsökun,
n,tæki,tól
n,aðdráttarafl,þokki
n,áfrýjun,
n,ásýnd,
n,botnlangi,
n,viðauki,áauki
n,matarlyst,
n,epli,
n,umsækjandi,
n,notkun,
n,umsókn,
n,staða,
n,blessun,signing
n,fiskabúr,
n,bogi,bogagöng
n,arkitektúr,byggingarlist
n,skjalasafn,
n,svæði,landspilda
n,leikvangur,leikvöllur
n,röksemd,
n,handleggur,
n,hægindastóll,
n,tilhögun,fyrirkomulag
n,uppsetning,uppstilling
n,ör,
n,list,
n,grein,
n,listamaður,
n,aska,
n,hlið á máli,
n,líkamsárás,
n,nauðgun,
n,samkoma,fundur
n,samsetning,
n,fullyrðing,
n,úttekt,
n,mat,
n,kostur,
n,verkefni,viðfangsefni
n,hugmyndatengsl,
n,félag,félagsskapur
n,samband,tengsl
n,ætlun,
n,fullvissa,
n,hæli,náðir
n,íþróttamaður,
n,gufuhvolf,
n,andrúmsloft,
n,frumeind,
n,viðhengi,
n,væntumþykja,vinátta
n,árás,aðför
n,athygli,aðgæasla
n,háaloft,
n,hugsunarháttur,viðhorf
n,aðlöðun,
n,aðdráttarafl,
n,uppboð,axjón
n,áhorfendur,
n,áheyrandi,
n,föðurmóðursystir,
n,vald,
n,yfirvald,
n,sjálfsstjórn,sjálfsforræði
n,breiðgata,gata
n,meðallag,
n,flug,
n,verðlaun,
n,öxull,möndull
n,ungbarn,
n,bak,
n,bakgrunnur,
n,beikon,
n,ferðataska,
n,taska,poki
n,veð,trygging
n,jafnvægi,
n,jöfnuður,
n,svalir,
n,bolti,
n,ball,
n,hnöttur,
n,ballett,
n,blaðra,
n,atkvæðaseðill,
n,bann,
n,banani,
n,rönd,bekkur
n,hringur,
n,tíðnibil,
n,hljómsveit,
n,hvellur,smellur
n,banki,
n,bakki,barð
n,gjaldþrot,
n,veifa,flagg
n,rimill,krosspóstur
n,bar,vínbar
n,slá,ás
n,lögmannastétt,
n,börkur,hýði
n,tunna,áma
n,byssuhlaup,
n,hindrun,tálmi
n,sökkull,undirlag
n,hafnabolti,
n,vaskur,handlaug
n,undirstaða,grunnur
n,karfa,tágakarfa
n,körfubolti,
n,leðurblaka,
n,baðkar,
n,baðherbergi,
n,árás,aðsúgur
n,rafhlaða,batterí
n,bardagi,
n,vígvöllur,bardagasvæði
n,flói,
n,strönd,árbakki
n,bjálki,ástré
n,geisli,
n,baun,
n,björn,
n,skegg,grön
n,sláttur,
n,rúm,beður
n,beð,des
n,svefnherbergi,
n,býfluga,
n,nautakjöt,naut
n,bjór,
n,byrjun,
n,hegðun,
n,trúnaður,átrúnaður
n,bjalla,
n,kviður,belgur
n,belti,brókarlindi
n,bekkur,
n,þegi,
n,styrkur eða greiðsla úr sjóði,
n,góðgerðartónleikar,
n,ber,
n,veðmál,veð
n,biblían,
n,mótorhjól,
n,goggur,
n,einblöðungur,
n,ílát,kassi
n,ævisaga,
n,líffræði,
n,fugl,
n,afmæli,
n,smákaka,
n,biskup,
n,tík,tylla
n,tík,
n,snarl,biti
n,bit,
n,sverta,dimma
n,fjárkúgun,féfletting
n,blað,
n,sprenging,
n,bálkur,
n,kubbur,
n,blóð,
n,blóðsúthelling,
n,högg,lamning
n,áfall,
n,gallabuxur,
n,blámi,
n,borð,
n,stjórn,
n,fjöl,brík
n,bátur,bátkoppur
n,líkami,
n,líkami,kroppur
n,lík,dauðingi
n,elding,
n,sprengja,
n,sprengiflugvél,
n,sprengjumaður,
n,fjötrar,
n,skuldbindingarskjal,
n,samband,
n,bein,hnúta
n,bindi,
n,bók,kver
n,uppgangur,viðgangur
n,stígvél,
n,landamæri,
n,flaska,
n,fraktskip,
n,botn,gólf
n,bogi,álmur
n,slaufa,hnýti
n,þarmur,görn
n,skál,tarína
n,kassi,box
n,strákur,drengur
n,svigi,
n,hópur,
n,heili,
n,snillingur,afburðakona
n,bremsa,
n,merki,
n,brauð,brauðhleifur
n,brot,brigð
n,pása,
n,bilun,klikkelsi
n,niðurbrot,
n,morgunverður,árbítur
n,brjóst,brysti
n,gola,kaldi
n,ölgerð,
n,múrsteinn,tigl
n,brúður,
n,brú,
n,útsending,
n,spergilkál,
n,bronsstytta,
n,bróðir,barmi
n,bróðir,
n,bursti,kústur
n,loftbóla,
n,fata,bjóla
n,fjárhagsáætlun,
n,hlaðborð,
n,bygging,smíð
n,pera,
n,blómlaukur,
n,kúla,
n,fréttatilkynning,
n,knippi,bindi
n,skrifræði,
n,jarðaför,greftrun
n,bruni,brennsla
n,sólbrúnka,
n,strætisvagn,
n,runni,kjarr
n,starf,atvinna
n,atvinnufyrirtæki,
n,athafnamaður,umsvifamaður
n,smjör,
n,fiðrildi,
n,tala,
n,takki,
n,káeta,
n,kofi,húskytja
n,skápur,
n,ríkisstjórn,
n,kapall,rafstrengur
n,kaffihús,kaffitería
n,búr,
n,kaka,
n,fyrirhyggja,forsjá
n,dagatal,
n,kálfur,kusi
n,heimsókn,gestakoma
n,símtal,
n,kall,
n,söngur,kall
n,hitaeining,
n,myndavél,
n,vinnubúðir,
n,sumarbúðir,
n,flóttamannabúðir,
n,klíka,
n,herferð,krossferð
n,safarí,
n,herferð,
n,krabbamein,
n,frambjóðandi,
n,kerti,
n,stafur,sgöngustafur
n,segldúkur,
n,húfa,frolla
n,tappi,
n,upphafsstafur,hástafur
n,höfuðborg,
n,fjármagn,peningar
n,auðvald,
n,kafteinn,flugstjóri
n,bíll,bifreið
n,kolefni,
n,spil,
n,kort,bréfspjald
n,skírteini,sönnunargagn
n,kort,
n,matseðill,
n,umsjá,umhirða
n,umönnun,aðhlynning
n,varúð,aðgæsla
n,áhyggja,
n,ferill,
n,gólfteppi,
n,vagn,
n,póstur,bréfberi
n,gulrót,
n,kerra,
n,málssókn,
n,hylki,hús
n,dæmi,
n,reiðufé,handbært fé
n,snælda,
n,gifs,
n,leikhópur,
n,kastali,borgarvirki
n,mannfall,manntjón
n,köttur,
n,vörulisti,
n,dulinn hængur,
n,hugtak,
n,dómkirkja,
n,kýr,baula
n,málstaður,
n,hellir,ból
n,þak,
n,mannfagnaður,mannamót
n,fruma,
n,klefi,
n,hólf,
n,farsími,
n,kjallari,
n,kirkjugarður,
n,ritskoðun,
n,manntal,
n,miðstöð,aðalsetur
n,miðja,miðbik
n,miðja,hjarta
n,öld,
n,morgunkorn,
n,athöfn,
n,vottorð,vitnisburður
n,keðja,járnkeðja
n,hálsfesti,men
n,keðja,
n,prófessorsembætti,
n,stóll,
n,krít,
n,vefenging,
n,áskorun,
n,kampavín,
n,meistari,
n,líkur,
n,hending,
n,tækifæri,möguleiki
n,breyting,breytni
n,skiptimynt,
n,rás,
n,sund,
n,ringulreið,busl og ærls
n,sprunga,glufa
n,kafli,
n,letur,stafagerð
n,karakter,
n,gott mannorð,
n,einkennandi,sérkennandi
n,gjald,afráð
n,kæra,
n,hleðsla,
n,líkn,
n,líknarsamtök,
n,happagripur,
n,sjókort,
n,yfirlitsblað,
n,skipulagsskrá,
n,þjóðskrumari,
n,skák,manntafl
n,staðfesting,löggilding
n,hak,
n,frekja,ágangur
n,kinn,
n,óskammfeilni,ósvífni
n,ostur,
n,efnafræðilegt efni,
n,efnafræði,
n,tékki,
n,kirsuber,
n,kommóða,
n,bringa,
n,hænsni,
n,heigull,
n,stjóri,
n,barn,afkvæmi
n,bernska,
n,strompur,skorsteinn
n,haka,
n,flaga,
n,flís,flaga
n,súkkulaði,
n,hljómur,
n,kór,
n,kirkja,bænahús
n,sígaretta,
n,kvikmyndahús,
n,hringur,baugur
n,hringrás,hringferð
n,kringumstæður,aðstaða
n,þegn,
n,borg,stórbær
n,óbreyttur borgari,almennur borgari
n,siðmenning,
n,tilkall,
n,krafa,heimta
n,árekstur,ósamkomulag
n,stétt,
n,skólastofa,bekkur
n,leir,
n,rými,
n,afgreiðslumaður,innanbúðarmaður
n,sölumanneskja,seljandi
n,veðurfar,loftslag
n,heilsugæslustöð,
n,klukka,
n,föt,
n,ský,bólstur
n,kylfa,
n,lauf,
n,klúbbur,
n,vísbending,mark
n,klasi,köggull
n,þjálfari,
n,kol,
n,samsteypa,sameining
n,frakki,kápa
n,lag,
n,dulmál,
n,kóði,
n,kaffi,
n,líkkista,
n,mynt,
n,kuldi,
n,kvef,innkuls
n,hálsband,helsi
n,samstarfsmaður,samverkamaður
n,söfnun,
n,háskóli,
n,ristill,
n,punktur,
n,nýlenda,
n,litur,farfi
n,súla,stoð
n,dálkur,
n,dá,dauðadá
n,gamanleikur,gleðileikur
n,halastjarna,
n,huggun,
n,þægindi,
n,stjórn,stýrimennska
n,skipun,
n,athugasemd,
n,slúður,slaður
n,verslun,viðskipti
n,nefnd,
n,umboðslaun,sölulaun
n,fylgi við málstað,
n,boðskipti,tjáskipti
n,kommúnisti,
n,samfélag,sveitafélag
n,fyrirferðarlítill,
n,undirfylki í her,
n,félag,
n,samanburður,
n,hólf,klefi
n,bætur,uppbót
n,hæfni,geta
n,samkeppni,
n,keppni,
n,hlýðni,
n,flækja,bendill
n,tónskáld,
n,blanda,
n,málamiðlun,millivegur
n,tölva,rafreiknir
n,tölvufræði,
n,styrkur,
n,einbeiting,alefling
n,sköpun,tilurð
n,áhugi,athygð
n,tónleikar,
n,eftirgjöf,undanlát
n,endir,
n,steinsteypa,
n,aðstæður,
n,skilmáli,ákvæði
n,skilyrði,forsenda
n,ástand,
n,vagnstjóri,
n,leiðari,
n,ráðstefna,
n,játning,
n,traust,tiltrú
n,árekstur,
n,átök,
n,ruglingur,ringulreið
n,sundurleitt samsafn,
n,löggjafarþing,
n,tenging,samtenging
n,voldugur vinur,
n,tengsli,
n,samviska,lund
n,vitund,meðvitund
n,sameiginlegt álit,
n,varðveisla,verndun
n,tillitssemi,nærgætni
n,íhugun,umhugsun
n,samsæri,
n,stjörnumerki,
n,kjördæmi,
n,gerð,samsetning
n,stjórnarskrá,grundvallarlög
n,fengelsun,innilokun
n,ráðaleitun,
n,neytandi,notandi
n,neysla,
n,snerting,átekt
n,tengiliður,
n,samtíða,samtíðis
n,fyrirlitning,forsmán
n,innihald,
n,keppni,kappleikur
n,samhengi,
n,framhald,
n,samningur,kaupbréf
n,samdráttur,herpingur
n,ósamkvæmi,mótsögn
n,andstæður,
n,andstæða,
n,framlag,tillag
n,stjórn,taumhald
n,vald,umráð
n,tæki,
n,siðvenja,
n,ráðstefna,þing
n,samtal,
n,sannfæring,fullvissa en um eð
n,kokkur,
n,samvinna,
n,kopar,
n,afrit,endurrit
n,höfundaréttur,útgáfuréttur
n,rifflað flauel,
n,kjarni,blómi
n,korn,mjöl
n,veggskot,
n,leiðrétting,
n,fylgni,
n,bréfaskipti,
n,mútuþægni,mútugjöf
n,búningur,búnaður
n,sumarbústaður,sumarhús
n,bómull,
n,ráð,stjórnarnefnd
n,afgreiðsluborð,
n,land,
n,sveit,landsbyggð
n,valdarán,
n,par,tvennd
n,hugrekki,hugprýði
n,ferill,rás
n,áfangi,
n,leið,
n,húsagarður,
n,réttarsalur,
n,hirð,drótt
n,kurteisi,fágun
n,skyldmenni,frændi
n,ábreiða,
n,lok,
n,umfjöllun,
n,trygging,
n,brandari,
n,kænn,slyngur
n,handverk,handiðn
n,handverksmaður,iðnaðarmaður
n,árekstur,ákeysla
n,hrun,
n,krem,
n,rjómi,
n,sköpun,myndun
n,trúverðugleiki,
n,kreditkort,krítarkort
n,eining,prófseinkunn
n,orðstír,
n,inneign,
n,lán,
n,trúarjátning,
n,áhöfn,mannafli
n,krybba,
n,glæpur,afbrot
n,glæpamaður,sakamaður
n,hættuástand,
n,gagnrýnandi,
n,gagnrýni,dómur
n,uppskera,
n,kynblöndun,
n,kross,róðukross
n,gangbraut,
n,krossgötur,gatnamót
n,fjölmenni,manngrúi
n,kóróna,
n,grimmd,miskunnarleysi
n,hækja,
n,kristall,
n,kvars,
n,gúrka,
n,ræktun,græðing
n,menning,
n,þjóðmenning,
n,fágun,
n,bolli,kanna
n,bollafylli,
n,gjaldmiðill,
n,rafstraumur,
n,námsskrá,
n,gluggatjöld,
n,bugða,hlykkur
n,boglína,ferill
n,sveigja,benda
n,sessa,púði
n,varðhald,gæsluvarðhald
n,viðskiptavinur,kaupanautur
n,lítilsvirðing,niðrun
n,niðurskurður,
n,hluti,sneið
n,skurður,sár
n,blaðaúrklippa,
n,hringur,umferð
n,sívalningur,ás
n,mjólkurbú,mjólkurstöð
n,tjón,skaði
n,hætta,háski
n,myrkur,
n,daðla,
n,stefnumót,
n,fylgdarmaður,
n,dagsetning,tímasetning
n,dóttir,afkvæmi
n,dagur,sólarhringur
n,dagsbirta,
n,eindagi,
n,gjöf,
n,samningur,
n,söluaðili,höndlari
n,dauði,andlát
n,kappræður,umræða
n,skuld,
n,áratugur,
n,rotnun,skemmd
n,eyðing,hrörnun
n,dekk,skipsþiljur
n,stokkur,spilastokkur
n,yfirlýsing,
n,skreyting,skraut
n,minnkun,
n,hjartardýr,
n,sjálfkrafa,Ath
n,vanskil,greiðslufall
n,ósigur,afhroð
n,sakborningur,ákærði
n,vöntun,ávöntun
n,halli,
n,skilgreining,greining
n,gráða,
n,stig,þrep
n,gráða,háskólagráða
n,hitastig,
n,frestur,draga
n,fulltrúi,erindreki
n,fæðing,burður
n,eftirspurn,
n,lýðræði,lýðstjórn
n,sýnikennsla,
n,sýnishorn,dæmi
n,mótmælandi,
n,neitun,afboð
n,þéttleiki,þéttleikur
n,tannlæknir,
n,brottför,
n,ósjálfstæði,
n,set,
n,innlegg,innlán
n,innborgun,
n,dæld,
n,lágþrýstingur,
n,kreppa,
n,þunglyndi,amalyndi
n,missir,skortur
n,staðgengill,fulltrúi
n,lækkun,
n,beinn ættleggur,
n,eyðimörk,sandauðn
n,hönnun,skissa
n,hönnun,
n,arkitekt,byggingameistari
n,hönnuður,fatahönnuður
n,hönnuður,
n,fýsn,
n,skrifborð,
n,örvænting,hrelling
n,eyðilegging,eyðing
n,smáatriði,
n,rannsóknarlögreglumaður,leynilögregla
n,nemi,
n,uppbygging,efling
n,þroski,blómi
n,frávik,
n,sjúkdómsgreining,
n,línurit,
n,mállýska,
n,línur,
n,samræður,
n,þvermál,
n,demantur,
n,orðabók,
n,mataræði,
n,mismunur,
n,afgangur,
n,erfiðleiki,vandræði
n,vandi,vandræði
n,reisn,sæmd
n,ógöngur,gönur
n,vídd,innanmál
n,kvöldverður,
n,diplómat,
n,átt,
n,leiðsögn,leiðbeining
n,leikstjóri,tónlistarstjóri
n,nefndarmeðlimur,nefndarmaður
n,skrá,listi
n,örorka,fötlun
n,ókostur,
n,ósamkomulag,missætti
n,vonbrigði,
n,hörmung,
n,agi,
n,diskó,
n,afsláttur,afföll
n,predikun,ræða
n,uppgötvun,
n,mismunun,
n,sjúkdómur,kröm
n,diskur,
n,réttur,
n,uppsögn,afsetning
n,óregla,óreiða
n,útstilling,
n,geð,hugarfar
n,vegalengd,fjaski
n,fjarlægð,
n,rangfærsla,rangtúlkun
n,afskræming,aflögun
n,dreifingaraðili,
n,byggðarlag,hérað
n,ónæði,truflun
n,arður,ágóði
n,deiling,
n,herdeild,
n,deild,
n,skilnaður,aðskilnaður
n,læknir,
n,doktor,
n,skjal,pappír
n,hundur,hvutti
n,pylsa,
n,dúkka,
n,dalur,dollari
n,höfrungur,
n,hvelfing,hvolf
n,yfirráð,yfirdrottnun
n,gjafi,gjafari
n,hurð,
n,skammtur,skerfur
n,tvöfaldur,tvíbyrður
n,staðgengill,
n,efi,
n,vafi,ef
n,deig,
n,tylft,
n,kvaðning,
n,uppkast,frumgerð
n,súgur,gjóstur
n,dreki,
n,frárennsli,
n,dramatík,sorgaratburður
n,skúffa,draghólf
n,happdrætti,
n,teikning,teiknimynd
n,draumur,svefnfarir
n,draumar,
n,sárabúnaður,
n,framburður,
n,rek,
n,æfing,
n,bor,alur
n,ölvun,
n,drykkur,
n,ökuferð,
n,bílaplan,
n,drif,
n,ökumaður,bifreiðastjóri
n,klif,hamar
n,eyrnalokkur,
n,lyf,meðal
n,tromma,trumba
n,tromla,áma
n,önd,
n,hertogi,
n,tímalengd,
n,ryk,hjóm
n,skylda,kvöð
n,tollur,vörutollur
n,örn,ari
n,arnarmerki,
n,eyra,
n,jarðskjálfti,
n,austur,austurlönd fjær
n,austur,
n,bergmál,dvergmál
n,hagfræði,auðfræði
n,hagfræðingur,auðfræðingur
n,hagsýni,
n,efnahagslíf,
n,egg,brún
n,forskot,
n,útgáfa,birting
n,fræðsla,
n,menntun,menning
n,áhrif,verkun
n,afleiðing,útkoma
n,fyrirhöfn,ómak
n,egg,
n,egó,
n,olnbogi,
n,kosning,kjör
n,kjósendur,
n,rafmagn,
n,rafeind,
n,raftækni,
n,partur,liður
n,frumefni,
n,fíll,
n,elíta,
n,skömm,afmán
n,sendiráð,
n,fósturvísir,
n,neyðartilvik,
n,tilfinning,kennd
n,áhersla,
n,heimsveldi,stórveldi
n,starfsmaður,
n,atvinnurekandi,vinnuveitandi
n,atvinna,iðn
n,endir,botn
n,lok,niðurlag
n,mörk,
n,óvinur,andstæðingur
n,orka,afl
n,trúlofun,festar
n,vél,mótor
n,eimreið,
n,verkfræðingur,
n,skemmtun,
n,eldmóður,
n,inngangur,innkoma
n,þátttaka,afskipti
n,umslag,
n,umhverfi,grennd
n,þáttur,
n,jafna,
n,útbúnaður,útbúningur
n,tímabil,
n,rof,niðurbrot
n,villa,
n,villa,viludómur
n,ritgerð,esseia
n,ilmvatn,steinkvatn
n,dánarbú,sterbú
n,virðing,
n,mat,gilding
n,siðfræði,
n,Evrópa,
n,kvöld,aftann
n,þróun,framþróun
n,próf,
n,uppgröftur,
n,undantekning,
n,ofgnótt,afgangur
n,skipti,kaup
n,tjáskipti,
n,æsingur,umrót
n,spenningur,æsingur
n,afsökun,málsbót
n,aftaka,aflífun
n,framkvæmdastjórn,
n,framkvæmdastjóri,
n,undanþága,
n,æfing,þjálfun
n,sýning,birting
n,útlegð,bann
n,útgangur,
n,þensla,útþensla
n,væntingar,
n,leiðangur,könnunarferð
n,eyðsla,sólund
n,reynsla,upplifun
n,tilraun,
n,sérfræðingur,fagmaður
n,sérfræðiþekking,sérfræðikunnátta
n,skýring,útskýring
n,könnunarleiðangur,könnungarferð
n,skjólleysi,
n,orðtak,
n,viðbygging,
n,innanhússími,
n,framlenging,framhald
n,umfang,fyrirferð
n,geimvera,
n,ákaflegur,
n,auga,
n,augabrún,
n,framhlið,
n,andlit,
n,aðstaða,
n,geta,færni
n,staðreynd,raunveruleiki
n,verksmiðja,iðjuver
n,Ekkert orð til sá sem tapar eða mistekst,
n,Ekkert orð til það að mistakast,
n,héraðssýning,
n,vörusýning,
n,álfur,bjargbúi
n,fall,bylta
n,niðurferð,hrap
n,haust,
n,ljósaskipti,rökkur
n,frægð,upphefð
n,fjölskylda,kynstofn
n,aðdáandi,
n,hugarburður,
n,fargjald,
n,bóndabær,bóndabýli
n,bóndi,ábúandi
n,tíska,aldarháttur
n,fita,kvap
n,fita,
n,faðir,
n,sök,
n,galli,agnúi
n,greiði,handarvik
n,uppáhald,afhald
n,fax,
n,ótti,beygur
n,veisla,gleði
n,fjöður,
n,drættir,andlit
n,eiginleiki,eðliseinkenni
n,ríkjasamband,bandalag
n,endurgjöf,
n,skynjun,
n,kvenréttindamanneskja,kvenfrelsismanneskja
n,girðing,
n,ferja,
n,hátíð,fagnaður
n,hiti,
n,fáir,
n,trefja,
n,skáldskapur,braglist
n,tún,akur
n,völlur,
n,fíkja,
n,slagur,bardagi
n,fígúra,
n,upphæð,tala
n,þjöl,
n,spjaldskrárgeymsla,spjaldskrárskápur
n,gagnaskrá,
n,skrá,
n,filma,
n,bíómynd,
n,sía,
n,lokapróf,
n,fjármálastjórn,fjárhagsstjórn
n,fingur,puti
n,arinn,
n,skothríð,orrahríð
n,eldmóður,ákafi
n,eldur,
n,slökkviliðsmaður,
n,fyrirtæki,firma
n,fiskur,
n,sjómaður,fiskimaður
n,hnefi,
n,hviða,kast
n,hreysti,heilbrigði
n,búnaður,
n,fáni,flagg
n,flass,
n,leiftur,
n,augnablik,augnabragð
n,íbúð,
n,flatur,
n,bragð,
n,floti,
n,hold,kjöt
n,kjöt,
n,flótti,
n,stigabil,
n,hópur,flokkur
n,flóð,flæði
n,gólf,botnþiljur
n,hveiti,
n,blóm,
n,flensa,
n,óstöðugleiki,sveiflur
n,vökvi,lögur
n,fluga,
n,ruglingur,ráðvilla
n,þoka,mistur
n,brot,
n,þjóðlagatónlist,
n,fólk,
n,þjóðfræði,
n,matur,áta
n,bjáni,auli
n,hirðfífl,
n,fótur,ganglimur
n,fet,
n,fótbolti,
n,ofbeldi,afl
n,afl,kraftur
n,mannafli,
n,spá,
n,enni,
n,útlendingur,aðkomumaður
n,skógur,mörk
n,skógræktarfræði,skógrækt
n,gaffall,
n,form,
n,eyðublað,
n,tilbrigði,
n,snið,lögun
n,myndun,lögun
n,formúla,formáli
n,gæfa,lán
n,auður,
n,örlög,forlög
n,spjallborð,
n,steingervingur,forndýr
n,stofnun,
n,grunnur,
n,gosbrunnur,
n,refur,blóðdrekkur
n,brot,deild
n,beinagrind,
n,einkaumboð,
n,svindl,svik
n,svindlari,féglæframaður
n,frekna,blettur
n,frelsi,frjálsræði
n,frakt,farmgjald
n,tíðni,
n,fyrsta árs nemi,
n,ísskápur,
n,vinur,
n,vinátta,ástsemd
n,froskur,
n,víglína,
n,skil,
n,ávöxtur,
n,gremja,skapraun
n,eldsneyti,
n,fjör,
n,fall,
n,sjóður,peningaforði
n,jarðaför,
n,feldur,loðskinn
n,húsgögn,búsgögn
n,stúss,uppistand
n,framtíð,ókomnar aldir
n,stjörnuþoka,
n,gallerí,sýningarsalur
n,gallon,
n,leikur,keppni
n,leikur,
n,skarð,sprunga
n,bílskúr,
n,bifvélaverkstæði,bílaverkstæði
n,sorp,
n,garður,
n,hvítlaukur,geirlaukur
n,bensíngjöf,
n,gas,
n,bensín,
n,hlið,
n,gír,gírskipting
n,gen,
n,hershöfðingi,
n,kynslóð,
n,snilli,snilld
n,prúðmenni,friðsemdarmaður
n,landfræði,
n,látbragð,látæði
n,draugur,
n,skuggaskrifari,
n,risi,beljaki
n,gjöf,aðrétta
n,kærasta,ástmey
n,stelpa,telpa
n,jökull,breði
n,leiftursýn,
n,glas,
n,spegill,
n,gler,
n,gleraugu,
n,drungi,deyfð
n,dýrð,dásemd
n,hanski,fingravettlingur
n,bjarmi,ljómi
n,lím,
n,mark,
n,markmaður,
n,geit,
n,guð,alfaðir
n,gull,
n,golf,
n,vara,
n,gæði,kostir
n,ríkisstjórn,ráðuneyti
n,landstjóri,
n,kyrtill,
n,þokki,yndisþokki
n,sæmd,sómatilfinning
n,halli,hallagráða
n,útskrifaður,
n,korn,
n,ögn,
n,málfræði,málvísi
n,afi,
n,amma,
n,graf,
n,grafík,
n,marijúana,gras
n,gras,
n,gröf,
n,möl,grjótmulningur
n,alvörugefni,
n,þyngdarafl,
n,grænn,eplagrænn
n,grænn,
n,kveðja,heilsun
n,sorg,angur
n,gretta,
n,grip,
n,jörð,
n,gróður,vöxtur
n,vöxtur,aukning
n,æxli,hnúður
n,ábyrgð,trygging
n,vörður,
n,skæruliði,
n,gestur,gestkomandi
n,leiðsögubók,
n,leiðsögumaður,fararstjóri
n,viðmiðunarregla,
n,sekt,
n,gítar,
n,byssa,
n,ræsi,rás
n,vani,venja
n,heimili,
n,hár,haddur
n,hár,loðna
n,hárgreiðsla,
n,hálfur,
n,höll,
n,salur,
n,forstofa,
n,heimavist,
n,stans,dvöl
n,skinka,
n,hamar,
n,hjálparhönd,
n,hönd,hnefi
n,klapp,
n,hönd,
n,vinnuafl,mannskapur
n,höfn,bryggjusvæði
n,erfiði,erfiðisvinna
n,vélbúnaður,vél
n,samlyndi,
n,samhljómur,
n,hattur,höttur
n,hey,
n,framhlið penings,
n,höfuð,
n,fyrirsögn,heiti
n,aðalstöð,
n,heilsa,heilbrigði
n,hjarta,
n,hjartalag,
n,hiti,heitleikur
n,hiti,ákafi
n,himnaríki,paradís
n,runni,
n,hæll,
n,hæð,
n,erfingi,arfi
n,þyrla,kopti
n,helvíti,hel
n,hjálmur,
n,hjálp,aðstoð
n,aðstoðarmanneskja,
n,heilahvel,
n,hálfhvel,
n,hæna,
n,kryddjurt,krásjurt
n,hjörð,dýrahópur
n,samloka,
n,hetja,afrekskona
n,heróín,
n,stigveldi,
n,hápunktur,
n,hæð,alda
n,mjöðm,hlaun
n,sagnfræðingur,
n,sagnfræði,
n,saga,frásögn
n,sagan,fortíðin
n,varðhald,
n,hola,
n,glundroði,
n,frí,
n,frídagur,
n,heimili,aðseta
n,elliheimili,
n,hunang,
n,heiðarleiki,áreiðanleiki
n,heiður,vegsauki
n,krókur,hak
n,beita,
n,von,
n,sjóndeildarhringur,hafsbrún
n,flauta,blístra
n,stjörnuspá,
n,hryllingur,óhugnaður
n,hestur,
n,riddari,
n,sjúkrahús,
n,gestrisni,beini
n,stjórnandi,kynnir
n,gestgjafi,
n,gísl,
n,árásarhneigð,árásargirni
n,fjandskapur,
n,hótel,
n,klukkustund,
n,tími dags,
n,hús,híbýli
n,fjölskylda,
n,húsplanta,
n,húsmóðir,
n,húsakostur,húsaskjól
n,mannslíkaminn,
n,manneðli,
n,skopskyn,
n,veiðimaður,
n,veiði,dráp
n,eiginmaður,
n,kofi,skúr
n,tilgáta,kenning
n,ís,
n,ís,glæra
n,hugmynd,fluga
n,fyrirmynd,dæmi
n,skilríki,
n,sjálfsmynd,
n,samsvörun,
n,hugmyndafræði,
n,vankunnátta,vanþekking
n,veikindi,lasleiki
n,tálmynd,
n,myndskreyting,
n,ímynd,eftirmynd
n,eftirlíking,
n,ímyndunarafl,hugarflug
n,innflytjandi,
n,innflutningur,
n,áhrif,
n,leiðing,
n,mikilvægi,gildi
n,endurbót,betrun
n,skriðþungi,
n,skyndihvöt,
n,hvatning,uppörvun
n,tomma,
n,atburður,atvik
n,tekjur,
n,aukning,auki
n,vísifingur,bendifingur
n,atriðaskrá,
n,vottur,merki
n,einstaklingur,mannsbarn
n,iðnaður,
n,ástundun,iðni
n,smit,smitun
n,verðbólga,
n,áhrif,ítök
n,upplýsingar,vitneskja
n,grunngerð,
n,efni,partur
n,íbúi,
n,hömlur,fyristöður
n,upphafsstafur,
n,frumkvæði,forganga
n,innspýting,
n,meiðsli,
n,gistihús,gisingarstaður
n,nýsköpun,
n,eftirgrennslan,
n,skordýr,
n,innviði,
n,innherji,
n,innblástur,andagift
n,innsýn,
n,eftirgangsmunir,
n,eftirlitsmaður,
n,andagift,
n,eðlisávísun,
n,leiðbeining,aðstoð
n,hljóðfæri,
n,trygging,ábyrgð
n,samþætting,
n,heilindi,heiðarleiki
n,greind,
n,leyniþjónusta,
n,ásetningur,tilætlun
n,samverkan,
n,áhugamál,hugðarefni
n,vextir,
n,viðmót,
n,hindranir,
n,íhlutun,
n,viðtal,áheyrn
n,inngangur,
n,kynning,
n,innrás,innreið
n,rannsókn,athugun
n,rannsóknamaður,rannsakandi
n,fjárfesting,
n,boðskort,
n,járn,
n,íronía,háð
n,eyja,
n,einangrun,
n,málefni,
n,afkomandi,afsprengi
n,atriði,hlutur
n,fílabein,
n,jakki,
n,sulta,
n,krukka,
n,kjálki,
n,djass,
n,hlaup,
n,þota,
n,gimsteinn,eðalsteinn
n,verk,
n,vinna,
n,knapi,
n,búla,
n,liðamót,
n,brandari,glens
n,tímarit,
n,dagbók,
n,gleði,
n,dómari,dómandi
n,dómur,dómskurður
n,mat,skoðun
n,safi,djús
n,stökk,harðastökk
n,mót,
n,frumskógur,hitabeltisskógur
n,lögsaga,
n,kviðdómur,
n,réttlæti,jöfnuður
n,réttlæting,málsbót
n,ketill,
n,lykill,
n,tóntegund,
n,fútt,kraftur
n,kiðlingur,
n,nýra,
n,morðingi,afbrotamaður
n,konungur,
n,konungsríki,
n,skyldleiki,frændsemi
n,eldhús,eldaskáli
n,flugdreki,
n,hné,
n,hnífur,bredda
n,hnútur,
n,þekking,fróðleikur
n,kóraninn,
n,merkimiði,
n,rannsóknarstofa,vinnustofa
n,erfiðisvinna,erfiði
n,verkamenn,verkafólk
n,vinnumaður,
n,blúnda,knipplingaborði
n,skortur,hörgull
n,stigi,lausastigi
n,kona,
n,stöðuvatn,
n,lamb,
n,lampi,
n,húseigandi,
n,landeigandi,
n,landslag,
n,mjóstræti,
n,tungumál,tunga
n,fagorð,
n,kjalta,kelta
n,leysir,
n,þvottur,
n,lögmál,kenning
n,lög,
n,lögreglan,
n,lóð,
n,lögfræðingur,
n,umbrot,
n,leiðtogi,
n,ól,taumur
n,forysta,
n,blý,
n,leiðtogi,forystumaður
n,forusta,
n,bæklingur,bókarkorn
n,leiga,
n,leður,
n,leyfi,frí
n,fyrirlestur,erindi
n,vinstri,
n,afgangur,leifar
n,fótur,
n,leggur,
n,texti,
n,þjóðsaga,goðsögn
n,löggjöf,
n,löggjafi,
n,frístund,
n,gallagripur,meinakind
n,sítróna,
n,lengd,
n,kennslustund,stund
n,bréf,
n,stafur,bókstafur
n,hæð,gólf
n,ábyrgð,
n,frelsi,
n,bókasafn,
n,leyfi,
n,augnlok,brá
n,lygi,lygð
n,lífstíll,
n,líf,fjör
n,far,
n,lyfta,
n,ljós,
n,kveikjari,
n,ljómi,bjarmi
n,lilja,
n,limur,
n,takmörkun,einskorðun
n,takmörk,skefjar
n,lína,
n,framleiðslulína,
n,röksemdarleiðsla,röksemdafærsla
n,röð,lest
n,lína,hrukka
n,lín,hör
n,tenging,
n,ljón,
n,barmur,
n,vör,
n,listi,
n,lestrar og skriftarkunnátta,
n,bókmenntir,
n,málaferli,málarekstur
n,lifur,
n,hlass,
n,anddyri,forsalur
n,þrýstihópur,
n,staðsetning,
n,lás,
n,lokkur,
n,lógaritmi,
n,trjábolur,stofn
n,rökfræði,
n,útlit,álit
n,blær,
n,endurtekning,ítrekun
n,lykkja,hnesla
n,tap,
n,tap,missir
n,reitur,landspilda
n,hópur,gengi
n,setustofa,dagstofa
n,sófi,sóffi
n,ást,elska
n,unnustaunnusti,elska
n,elskhugi,
n,tryggð,
n,kekkur,klumpur
n,hádegisverður,
n,lungu,
n,vél,maskína
n,stærð,magn
n,þerna,þjónustustúlka
n,póstur,
n,meginstraumur,
n,meðlag,
n,meirihluti,afl atkvæða
n,lögráða,
n,snyrtivörur,
n,maður,
n,maður,karlmaður
n,stjórnun,starfræksla
n,fas,háttur
n,handbók,
n,framleiðsla,
n,framleiðandi,
n,handrit,
n,maraþon,
n,marmarakúla,
n,marmari,
n,marsering,
n,kröfuganga,
n,spássía,blaðjaðar
n,auðkenni,merki
n,einkunn,
n,markaður,
n,markaðssetning,markaðssókn
n,brúðkaup,
n,hjónaband,gifting
n,Mars,
n,fen,
n,gríma,
n,massi,
n,eldspýta,eldfæri
n,jafnoki,jafningi
n,ráðahagur,
n,efni,
n,hlutir,
n,stærðfræði,reikningslist
n,fylki,
n,efni,efniviður
n,hámark,hástig
n,borgarstjóri,
n,völundarhús,rangali
n,engi,
n,máltíð,
n,merking,auðkenning
n,mál,
n,vél,
n,orða,heiðursmerki
n,læknisfræði,
n,fjölmiðill,
n,miðill,
n,meðalvegur,
n,fundur,
n,hittingur,það að hittast
n,meðlimur,aðili
n,félagsaðild,
n,minnisblað,
n,minnisvarði,minningarmark
n,minningarathöfn,
n,minni,
n,minni,minnisgáfa
n,minning,
n,valmynd,
n,kaupmaður,kaupsýslumaður
n,miskunn,líkn
n,verðleikar,eðliskostir
n,skilaboð,boð
n,málmur,
n,aðferð,aðfarir
n,aðferðafræði,
n,hljóðnemi,
n,miðbik,hjarta
n,miðnætti,
n,flutningar,
n,míla,
n,mjólk,málnyt
n,mylla,
n,hugur,hugi
n,hugsuður,
n,jarðsprengja,
n,náma,
n,námuverkamaður,
n,steinefni,steind
n,lágmark,
n,prestur,hirðir
n,ráðherra,
n,ráðuneyti,
n,minnihluti,
n,mínúta,
n,kraftaverk,furðuverk
n,fósturlát,fangfall
n,vesöld,aumingjaskapur
n,flugskeyti,
n,mistur,mor
n,líkan,
n,fyrirsæta,
n,fyrirmynd,
n,eining,
n,moldvarpa,
n,fæðingarblettur,hunangsblettur
n,gagnnjósnari,
n,sameind,
n,augnablik,andartak
n,einvaldur,einræðisherra
n,konungsveldi,
n,peningur,mynt
n,fé,auður
n,munkur,bróðir
n,api,
n,einokun,
n,skrímsli,forynja
n,mánuður,
n,skap,geð
n,tungl,
n,baráttuhugur,baráttuvilji
n,siðferðisþrek,
n,morgunn,árdegi
n,dögun,dagsbrún
n,biti,munnbiti
n,veð,
n,mósaík,
n,moska,
n,moskító,
n,móðir,
n,mótíf,minni
n,hvöt,áhugi
n,hvöt,
n,þjóðvegur,aðalvegur
n,mygla,feyra
n,fjall,
n,mús,
n,munnur,hvoftur
n,flutningur,
n,færsla,
n,krossferð,
n,hreyfing,
n,leðja,aur
n,kanna,krús
n,margmiðlun,
n,morð,
n,vöðvi,
n,safn,
n,sveppur,
n,tónlist,músík
n,tónlistarmaður,
n,stökkbreyting,brigð
n,goðsögn,
n,nagli,
n,nögl,
n,nafn,heiti
n,orðstír,orð
n,föðurlandsást,þjóðrækni
n,föðurlandsvinur,
n,þjóðerni,
n,eðli,eðlisfar
n,náttúra,
n,náttúran,
n,dökkblár,dimmblár
n,sjóher,floti
n,háls,
n,þörf,þarfsemd
n,nauð,
n,nál,
n,vísir,
n,vanhirða,niðurníðsla
n,hirðuleysi,órækt
n,samningar,
n,nágranni,
n,nágrenni,grennd
n,bróðursystursonur,
n,taug,
n,hreiður,
n,netið,internetið
n,netið,
n,net,
n,byrjandi,
n,fréttir,fregnir
n,fréttir,
n,nótt,gríma
n,martröð,áferð
n,óregla,
n,hljóð,
n,tilnefning,skipun
n,vitleysa,blaður
n,staðall,afstæði
n,norður,
n,nef,nebbi
n,miði,
n,nóta,
n,peningaseðill,
n,fartölva,
n,minnisbók,glósubók
n,fyrirvari,
n,skoðun,viðhorf
n,nafnorð,
n,skáldsaga,bóksaga
n,fjöldi,aragrúi
n,númer,
n,nunna,systir
n,hjúkrunarkona,hjúkrunarfræðingur
n,gróðurhús,
n,barnaherbergi,
n,rugludallur,ruglukollur
n,hneta,
n,eik,
n,hlutur,gripur
n,markmið,mark
n,mótmæli,afhrópun
n,eftirtekt,
n,áhorfandi,
n,þröskuldur,trafali
n,tækifæri,
n,herseta,
n,haf,
n,sókn,árás
n,lögbrot,
n,móðgun,meiðing
n,lögbrjótur,
n,tilboð,
n,skrifstofa,
n,lögreglumaður,lögregluþjónn
n,embættismaður,valdsmaður
n,afkvæmi,arfi
n,olía,
n,yfirsjón,vanræksla
n,laukur,
n,ópera,
n,aðgerð,skurðaðgerð
n,framkvæmd,
n,starfsemi,
n,dómsatkvæði,
n,andstæðingur,andófsmaður
n,andstæður,gagnstæður
n,viðstaða,mótstaða
n,stjórnarandstaða,
n,andstæðingur,
n,bjartsýni,vongleði
n,valfrelsi,
n,appelsínugulur,
n,appelsína,
n,braut,
n,úrskurður,tilskipun
n,pöntun,
n,regla,reglufesta
n,orgel,harmóníum
n,líffæri,
n,samtök,bandalag
n,afstaða,
n,uppruni,byrjun
n,búningur,klæðaburður
n,útsölustaður,sölustaður
n,innstunga,
n,útdráttur,drög
n,útlína,fyrirmörk
n,útlit,
n,útkoma,
n,úthlið,ytra borð
n,ofn,
n,samfestingur,
n,samantekt,yfirlit
n,ugla,
n,eigandi,
n,eignarréttur,eignarhald
n,súrefni,
n,baggi,klyfjar
n,flokkur,hópur
n,pakki,
n,blaðsíða,síða
n,sársauki,kvalræði
n,plága,óáran
n,málning,
n,málari,
n,par,hjón
n,höll,slot
n,pálmatré,
n,simpansi,
n,panna,
n,panill,þil
n,sérfræðihópur,
n,ofsahræðsla,
n,dagblað,blað
n,pappír,
n,skrúðganga,skrúðfylking
n,þverstæða,
n,málsgrein,
n,hliðstæða,
n,breyta,
n,náðun,
n,foreldri,
n,bílstæði,
n,þing,
n,partur,
n,þátttakandi,
n,eind,
n,maki,eiginkona
n,félagi,
n,partí,samkvæmi
n,lágmarkseinkunn,
n,aðgönguheimild,
n,leið,farvegur
n,klausa,
n,farþegi,
n,ástríða,blóðhiti
n,vegabréf,passi
n,lykilorð,
n,fortíð,
n,pastel,
n,hagi,bithagi
n,leppur,pjatla
n,sárabindi,plástur
n,blettur,skiki
n,einkaleyfi,einkaréttindi
n,leið,braut
n,þolinmæði,biðlund
n,sjúklingur,
n,vörður,gæslumaður
n,munstur,
n,gangstétt,
n,greiðsla,
n,friðsæld,ró
n,friður,
n,toppur,tindur
n,jarðhneta,
n,smábóndi,
n,fótgangandi maður,
n,penni,fjöðurstafur
n,stía,kví
n,hegning,
n,blýantur,
n,penný,
n,eftirlaun,
n,lífeyrisþegi,
n,pipar,
n,prósenta,
n,skynjun,varurð
n,framganga,frammistaða
n,flytjandi,
n,tími,skeið
n,tímabil,tíðarskeið
n,manneskja,persóna
n,persónuleiki,einstaklingseðli
n,gæludýr,
n,fyrirbæri,fyrirbrigði
n,heimspekingur,
n,heimspeki,
n,grundvallarviðhorf,meginviðhorf
n,ljósmynd,
n,ljósmyndari,
n,ljósmyndun,
n,eðlisfræði,
n,píanó,
n,mynd,
n,kvikmynd,bíómynd
n,baka,
n,bútur,biti
n,stykki,
n,brúarstöpull,
n,svín,grís
n,svín,dóni
n,lögregla,
n,svín,
n,dúfa,
n,haugur,
n,pillan,
n,koddi,
n,flugmaður,
n,pinnanúmer,
n,frumkvöðull,brautryðjandi
n,pípa,leiðsla
n,pyttur,gildra
n,tónhæð,
n,halli,aðlíðandi
n,ræða,ávarp
n,vorkunn,meðlíðun
n,staður,
n,sæti,sess
n,ákærandi,
n,plan,áform
n,flugvél,
n,pláneta,
n,planta,
n,plast,
n,pallur,loftskör
n,leikur,ið
n,leikrit,leikur
n,leikari,
n,ánægja,nautn
n,ráðabrugg,launráð
n,atburðarás,söguþráður
n,uppdráttur,kort
n,lungnabólga,
n,vasi,
n,ljóð,kvæði
n,ljóðlist,ljóðagerð
n,atriði,
n,oddur,broddur
n,eitur,
n,stöng,tróða
n,póll,heimskaut
n,regla,
n,stjórnmálamaður,
n,stjórnmál,pólitík
n,kosningar,
n,skoðanakönnun,
n,mengun,
n,smáhestur,
n,pollur,smátjörn
n,dægurtónlist,popptónlist
n,gosdrykkur,gos
n,pabbi,faðir
n,íbúar,borgarar
n,burðarmaður,
n,andlitsmynd,
n,staðarákvörðun,
n,eign,
n,möguleiki,
n,staur,stólpi
n,póstkort,bréfspjald
n,pottur,
n,pottur,blómsturpottur
n,kartafla,
n,leirkeragerð,
n,kví,
n,pund,
n,púður,púðurduft
n,vald,máttur
n,kraftur,afl
n,hól,hrós
n,bæn,
n,fordæmi,
n,nákvæmni,aðgæsla
n,rándýr,hrædýr
n,forveri,
n,val,
n,fordómar,sleggjudómar
n,iðgjald,
n,hugðarefni,
n,undirbúningur,fyrirbúnaður
n,lyfseðilsskyld lyf,lyfseðilsskylt meðal
n,lyfseðill,
n,framkoma,látbragð
n,viðvera,viðvist
n,nútíð,
n,geymd,ending
n,forsæti,
n,forseti,
n,formaður,oddviti
n,blaðamannastéttin,
n,blaðamenn,
n,þrýstingur,
n,þrýstingur,þráfylgni
n,virðing,orðstír
n,bráð,
n,verð,andvirði
n,stolt,stols
n,forkosning,
n,prins,konungssonur
n,prinsessa,
n,frumatriði,undirstöðuatriði
n,prent,prentun
n,prentari,
n,forgangur,
n,fangelsi,betrunarhús
n,fangi,bandamaður
n,næði,friður
n,forréttindi,fríðindi
n,ránsfé,herfang
n,viðfangsefni,verkefni
n,aðferð,framgangur
n,afurð,framleiðsla
n,margfeldi,
n,uppfærsla,
n,framleiðsluvara,afurð
n,atvinnumaður,
n,prófessor,
n,vangasvipur,
n,arður,gróði
n,áætlun,
n,leikskrá,
n,forrit,
n,framfarir,framsókn
n,varp,
n,loforð,áheit
n,stöðuhækkun,
n,sönnun,gögn
n,sönnun,sönnur
n,áróður,málafylgja
n,umfang,
n,hlutfall,
n,tillaga,uppástunga
n,bónorð,
n,lögsókn,
n,útlit,útsýn
n,velmegun,búsæld
n,vernd,skjól
n,skjól,afdrep
n,prótín,hvíta
n,vistir,birgðir
n,sálfræðingur,
n,sálfræði,
n,bar,pöbb
n,almenningur,almúgi
n,útgáfa,
n,ritverk,
n,útgefandi,útgáfa
n,búðingur,býtingur
n,pumpa,
n,grasker,
n,hnefahögg,
n,bolla,
n,sjáaldur,
n,nemandi,nemi
n,tilgangur,augamið
n,eftirför,
n,ráðgáta,þraut
n,píramíti,
n,skilyrði,
n,gæðaflokkur,
n,magn,efnismagn
n,hverfi,borgarhluti
n,senta peningur,
n,fjórðungur,
n,drottning,
n,leit,leitun
n,spurning,fyrirspurn
n,spurningarlisti,
n,röð,
n,kvóti,hluti
n,tilvitnun,ívitnun
n,verðuppgjöf,
n,kanína,
n,kapp,
n,kynþáttur,
n,rasismi,
n,bögglaberi,
n,geislun,
n,geislunarveiki,
n,róttæklingur,
n,fjarskipti,
n,útvarp,hljóðvarp
n,bræði,ofsareiði
n,skyndiáhlaup,
n,járnbrautarvagn,vagn
n,járnbraut,
n,járnbrautarteinar,
n,regn,rigning
n,regnbogi,
n,fjöldafundur,
n,eldavél,
n,umfang,ummál
n,fjallgarður,
n,rotta,
n,verkfallsbrjótur,
n,hraði,
n,hlutfallstala,
n,gagnverkun,gagnkvæmi
n,svörun,andsvar
n,hvörf,
n,kjarnakljúfur,
n,lesandi,
n,ekki beinlýnis til orð um þetta Vísar til manneskju sem les yfir handrit og dæmir um hvort þau eru birtingarhæf,
n,raunsæi,raunsæisstefna
n,raunveruleiki,hlutveruleiki
n,ástæða,
n,dómgreind,
n,uppreisnarmaður,
n,uppreisn,byltingartilraun
n,kvittun,
n,móttökuskilyrði,
n,boð,
n,samdráttur,
n,meðmæli,formæli
n,met,
n,sakaskrá,ferilskrá
n,skrásetning,
n,upptaka,
n,endurheimt,
n,bati,lækning
n,afþreying,dægrastytting
n,rauður litur,apalrauður
n,fækkun,
n,ofgnótt,
n,tilvísun,heimild
n,viðmiðun,afstæði
n,tilvísun,
n,endurspeglun,
n,úrbót,
n,flóttamaður,
n,synjun,neitun
n,augnaráð,
n,svæði,
n,búðarkassi,
n,skrá,registur
n,skráning,innritun
n,söknuður,angurtregi
n,reglugerð,
n,endurhæfing,
n,endurreisn,
n,stjórnartíð,stjórnartími
n,höfnun,afneitun
n,ættingi,skyldmenni
n,afslöppun,slökun
n,lausn,
n,gildi,
n,traust,
n,léttir,
n,tregða,hik
n,ráð,
n,afleysning,endurnýjun
n,frásögn,lýsing
n,skýrsla,greinargerð
n,fréttamaður,blaðamaður
n,umboðsmaður,málsvari
n,þingmaður,
n,eftirmyndun,
n,skriðdýr,
n,lýðveldi,
n,mannorð,
n,beiðni,
n,nauðsynlegar forsendur,
n,fámælgi,hlédrægni
n,birgðir,forði
n,uppistöðuvatn,uppistöðulón
n,afsögn,
n,uppgjöf,
n,ásetningur,
n,ferðamannastaður,
n,bolmagn,
n,viðbrögð,afturksvar
n,skyldur,kvöð
n,stoð,
n,hvíld,afslöppun
n,veitingastaður,veitingahús
n,endurreisn,endurbót
n,hemill,aðhald
n,úrslit,niðurstaða
n,smásali,
n,starfslok,
n,athvarf,skjól
n,afturhvarf,
n,endurkoma,afturhvarf
n,skattframtal,
n,hefnd,
n,umskipti,snúningur
n,upprifjun,
n,útdráttur,samantekt
n,vakning,
n,bylting,umbylting
n,snúningur,hringsnúningur
n,umbun,laun
n,ræðulist,mælskulist
n,taktur,hrynur
n,rif,rifbein
n,borði,lengja
n,hrísgrjón,grjón
n,reiðmaður,knapi
n,kambur,ás
n,riffill,
n,hægri vængurinn,
n,hægri,
n,hringing,
n,uppþot,óeirðir
n,kynsvall,
n,brekka,
n,hækkun,
n,áhætta,
n,helgisiður,ritúal
n,á,fljót
n,vegur,leið
n,rán,brottnám
n,gripdeildir,brottnám
n,vélmenni,gervimaður
n,rokk,rokktónlist
n,eldflaug,gosflaug
n,hlutverk,starf
n,hlutverk,
n,rúlla,
n,sláttur,slag
n,rúnnstykki,
n,herbergi,stofa
n,forfaðir,ái
n,rót,
n,reipi,kaðall
n,rós,
n,snúningur,hnringsnúningur
n,rim,
n,vinnubrögð,starfshættir
n,rifrildi,
n,kóngafólk,
n,höfundaréttargreiðsla,
n,rusl,dót
n,rugby,
n,rúst,kaldakol
n,glötun,tortíming
n,reglustika,
n,regla,ákvæði
n,venja,vani
n,stjórn,vald
n,stjórnartíð,
n,orðrómur,kvittur
n,hlaupari,
n,flýtir,hraði
n,fórn,fórnfæring
n,tap,afföll
n,öryggi,traust
n,skemmtisigling,
n,sjóliði,
n,salat,
n,útsala,skyndisala
n,sala,
n,lax,smálax
n,snyrtistofa,
n,salt,
n,sáluhjálp,
n,griðarstaður,friðland
n,sandur,
n,sandali,
n,gervihnöttur,
n,fullnæging,
n,sósa,
n,hreistur,
n,vigt,reisla
n,vog,dingull
n,hneyksli,
n,atburðarás,ferli
n,sviðsmynd,leiksvið
n,læti,
n,áætlun,plan
n,ráðabrugg,áform
n,fræðimaður,
n,námsstyrkur,
n,skóli,
n,skóli,fræðslustofnun
n,vísindi,fræði
n,vísindamaður,fræðimaður
n,óvild,kali
n,stigafjöldi,
n,smástykki,
n,skermur,
n,sigti,
n,skjár,skjágluggi
n,skrúfa,ró
n,skrifletur,skrifstafir
n,höggmynd,
n,sjór,haf
n,selur,brimill
n,innsigli,
n,árstíð,
n,rass,rasskinnar
n,annar,
n,sekúnda,
n,leyndardómur,
n,leyndarmál,launung
n,ritari,
n,seyti,
n,hluti,partur
n,geiri,
n,öryggi,
n,sæti,
n,fræ,
n,útdráttur,
n,náttúruval,
n,sjálf,
n,sali,seljandi
n,námskeið,
n,útskriftarnemi,
n,æsifregn,æsifrétt
n,skyn,skilningur
n,hyggjuvit,skynsemi
n,merking,
n,viðkvæmni,tilfinninganæmi
n,dómur,
n,setning,
n,aðskilnaður,
n,runa,romsa
n,ritröð,sería
n,röð,flokkur
n,þjónn,frammistöðumaður
n,þjónusta,afgreiðsla
n,þjónusta,
n,fundur,ráðstefna
n,önn,
n,leikmynd,
n,sett,
n,uppgjör,bókhaldsniðurstaða
n,byggð,
n,kyn,
n,litbrigði,
n,skuggi,
n,skaft,handarhald
n,stokkur,
n,synd,
n,smán,afmán
n,partur,hlutur
n,hlutur,
n,hluthafi,
n,hákarl,afskerapískur
n,kind,ær
n,lak,
n,segl,
n,örk,
n,hilla,
n,skel,
n,skothylki,
n,skurn,eggjaskurn
n,skýli,skjól
n,skjöldur,
n,tilfærsla,skipti
n,vakt,
n,skyrta,
n,stuð,
n,skór,fótabúnaður
n,skeifa,
n,búð,
n,verkstæði,smiðja
n,verslun,
n,skammhlaup,
n,stuttbuxur,
n,skot,
n,sprauta,
n,vegbrún,
n,öxl,
n,sturta,
n,skúrir,regnskúr
n,klígja,ógleði
n,hlið,kantur
n,halli,brekka
n,umsátur,fyrirsát
n,sjón,
n,skilti,
n,tákn,
n,tákn,symból
n,merki,auðkenni
n,fyrirboði,bending
n,undirskrift,
n,þögn,hljóð
n,þögli,
n,silki,
n,borðbúnaður,hnífapör
n,silfurlitað,
n,silfur,
n,líkindi,
n,einfaldleiki,fábreytni
n,synd,hrösun
n,söngvari,söngkona
n,systir,
n,vefsíða,
n,teikning,rissa
n,skíði,
n,hæfleiki,atgervi
n,húð,skinn
n,húð,hörund
n,flus,börkur
n,pils,
n,höfuðkúpa,
n,himinn,
n,hella,steinblökk
n,þræll,ánauðarmaður
n,svefn,blundur
n,ermi,
n,sneið,
n,renna,bunustokkur
n,rennibraut,
n,slím,
n,hrösun,fall
n,vígorð,
n,rauf,rufa
n,bil,stund
n,lykt,ilmur
n,lyktarskyn,þefnæmi
n,bros,
n,reykur,mokkur
n,snigill,
n,snákur,slanga
n,snjór,hjarn
n,sápa,
n,þjóðfélag,
n,þjóðfélagsfræði,
n,sokkur,sokkabuxur
n,natrín,natríum
n,hugbúnaður,
n,land,jörð
n,mold,
n,hermaður,
n,samstaða,
n,einsöngur,
n,sópranó,
n,sál,sála
n,súpa,saup
n,heimild,
n,uppruni,upphaf
n,heimildamaður,
n,Suðurríkin,
n,suður,
n,eyða,glompa
n,bil,rými
n,hátalari,
n,ræðumaður,mælandi
n,tegund,
n,sýni,sýnishorn
n,litróf,
n,málfar,mæli
n,amfetamín,
n,hraði,asi
n,álög,áhrínisorð
n,leiðsla,miðilsdá
n,áhrifasvæði,athafnasvæði
n,kónguló,
n,spínat,
n,þyrnir,broddur
n,meining,
n,draugur,afturganga
n,hugarfar,
n,heift,bræði
n,klofningur,
n,sprunga,brestur
n,talsmaður,formælandi
n,skeið,
n,íþrótt,íþróttagrein
n,blettur,flekkur
n,sprey,
n,búgarður,kúabú
n,viðbit,feiti
n,gormur,
n,brunnur,lind
n,vor,
n,njósnari,
n,torg,plan
n,ferningur,
n,hesthús,
n,stöng,
n,starfslið,starfsmenn
n,svið,
n,þrep,stig
n,stigagangur,uppgangur
n,áhættufé,
n,bás,klefi
n,frímerki,
n,sölubás,
n,afstaða,horf
n,staðall,standard
n,stjarna,
n,stjarna,kappi
n,byrjun,upphaf
n,ríki,
n,reiknisyfirlit,
n,staðhæfing,fullyrðing
n,stöð,
n,tölfræði,reikningur
n,stytta,höggmynd
n,steik,
n,gufa,
n,stál,
n,stofn,stilkur
n,skref,spor
n,stigi,
n,skref,fótskref
n,flugþjónn,
n,prik,stafur
n,stýripinni,
n,örvun,áeggjan
n,spor,
n,búpeningur,
n,lager,
n,hlutabréf,
n,magi,vömb
n,steinn,grjót
n,steinn,
n,kollur,
n,viðkoma,
n,geymsla,fórur
n,stormur,blæsa
n,lygasaga,skrök
n,reim,þvengur
n,rör,
n,strá,
n,jarðaber,
n,straumur,fall
n,stræti,
n,styrkur,þrek
n,streita,stress
n,verkfall,
n,högg,
n,strengur,
n,teiknimyndasaga,
n,lengja,renningur
n,slag,
n,formgerð,gerð
n,barátta,bardagi
n,vinnustofa,
n,lesstofa,lesherbergi
n,nám,bóknám
n,rannsókn,könnun
n,stíll,stæll
n,stíll,stíltegund
n,viðfang,
n,tilraunaviðfang,tilraunadýr
n,úthverfi,
n,velgengni,velfarnaður
n,þjáning,písl
n,sykur,
n,sjálfsmorð,
n,jakkaföt,
n,biðlun,
n,svíta,
n,brennisteinn,
n,summa,upphæð
n,ágrip,samantekt
n,sumar,sumartíð
n,toppfundur,
n,sól,sunna
n,sólskin,sólarljós
n,sunnudagur,drottinsdagur
n,sólarupprás,sólaruppkoma
n,umsjónarmaður,forstöðumaður
n,kjörbúð,
n,umsjónarmaður,stjórnandi
n,forði,útbúnaður
n,stuðningur,aðstoð
n,stuðningsskjöl,
n,stoð,undirstaða
n,framfærsla,
n,yfirborð,flötur
n,skurðlæknir,
n,skurðaðgerð,
n,undrun,furða
n,yfirlit,
n,þrautsægja,ending
n,eftirlifandi,lifandi
n,grunaður,
n,tortryggni,vantraust
n,grunsemd,
n,sviti,sveiti
n,peysa,
n,sætindi,sælgæti
n,sveifla,rið
n,róla,
n,rofi,slökkvari
n,sverð,brandur
n,atkvæði,
n,samhverfa,samhorf
n,einkenni,
n,heilkenni,
n,kerfi,gerð
n,bolur,langermabolur
n,tafla,talnaskýrsla
n,tafla,
n,taktík,baráttuaðferð
n,skott,rófa
n,bakhlið,
n,tal,spjall
n,tankur,
n,hlerun,
n,krani,
n,límband,
n,segulbandsspóla,
n,málband,
n,bragðskyn,
n,smekkur,bragð
n,skattur,afráð
n,leigubíll,
n,skattgreiðandi,
n,te,
n,kennari,
n,lið,
n,tár,
n,tækni,aðferð
n,tækni,
n,táningur,
n,sími,
n,sjónvarp,
n,sjónvarp,sjónvarpstæki
n,musteri,hof
n,gagnauga,
n,freisting,freistni
n,leigjandi,leigutaki
n,tilhneiging,tilhneigð
n,tennis,
n,spenna,taugaspenna
n,spenna,strekking
n,tjald,
n,heiti,fræðiheiti
n,útstöð,
n,verönd,sólbyrgi
n,hryðjuverkamaður,hermdarverkamaður
n,texti,lesmál
n,bók,
n,áferð,vend
n,þakkir,flytja þakkir
n,leikhús,
n,þjófnaður,hnupl
n,þema,
n,stef,
n,guðfræði,
n,hugmyndafræðingur,
n,kenning,fræðikenning
n,græðari,
n,meðferð,höndlun
n,lokaritgerð,
n,læri,
n,hugsuður,djúphyggjumaður
n,hugsun,hugleiðing
n,þráður,tvinni
n,hótun,
n,þröskuldur,
n,brún,barmur
n,háls,barki
n,hásæti,stóll
n,þumall,þumalfingur
n,sektarmiði,
n,aðgöngumiði,
n,sjávarföll,aðfall
n,jafntefli,
n,tígrisdýr,
n,flís,
n,timbur,
n,tími,
n,tímaáætlun,
n,dós,
n,tin,
n,ábending,
n,þjórfé,
n,vefur,
n,pappírsþurrka,
n,tilkall,réttur
n,titill,yfirskrift
n,titill,meistaratitill
n,ristað rauð,
n,tá,
n,tollur,
n,tómatur,
n,tonn,
n,tónn,
n,tunga,
n,tunga,tungumál
n,áhald,
n,tönn,
n,toppur,
n,skopparakringla,
n,vasaljós,
n,pynting,píníng
n,ferðamannaiðnaður,ferðaþjónusta
n,ferðamaður,
n,handklæði,
n,turn,
n,bær,
n,leikfang,barnaglingur
n,spor,fótspor
n,gróp,
n,skeiðvöllur,hlaupabraut
n,bæklingur,ritlingur
n,iðn,handiðn
n,skipti,
n,hefð,arfleifð
n,viðskipti,vöruverslun
n,umferð,brautarganga
n,harmleikur,
n,lest,
n,æfing,tamning
n,eðlisþáttur,eiginleiki
n,tilflutningur,aðflutningur
n,millifærsla,
n,flutningur,tilflutningur
n,ofsagleði,
n,gildra,bogi
n,bakki,dallur
n,fjársjóður,fjársafn
n,gjaldkeri,
n,góðgjörð,
n,meðhöndlun,
n,umræða,rökræða
n,sáttmáli,
n,tré,baðmur
n,skurður,síki
n,réttarhald,dómsmál
n,andstreymi,mæða
n,þríhliða,
n,ættflokkur,þjóðflokkur
n,virðingarvottur,sómi
n,hrekkur,
n,sporvagn,
n,herlið,
n,vandræði,vandi
n,áhyggjur,annsemd
n,buxur,
n,vörubíll,trukkur
n,skott,
n,fjárhald,
n,fjárhaldsmaður,ábyrgðarmaður
n,sannleikur,
n,neðanjarðarlest,
n,pípa,rör
n,göng,
n,kalkúnn,
n,beygja,sveigja
n,tvíburi,
n,flétta,
n,rykkur,kippur
n,viðskiptajöfur,
n,dekk,
n,magasár,
n,regnhlíf,
n,óvissa,tvísýna
n,föðurmóðurbróðir,
n,skilningur,dómgreind
n,atvinnuleysi,
n,einkennisbúningur,
n,stéttarfélag,
n,heillindi,heiðarleiki
n,ókyrrð,ókyrrleiki
n,hvöt,fýsn
n,aðköllun,að vera brýnn
n,þvag,hland
n,notkun,gagn
n,neysla,notkun
n,notandi,nothafi
n,neytandi,
n,ryksuga,
n,tóm,tómarúm
n,dalur,dalverpi
n,verðgildi,gildi
n,gildismat,
n,sendlabíll,
n,framúrstefna,
n,breytileiki,brigðleiki
n,afbrigði,afvik
n,fjölbreytni,margbreytileiki
n,tankur,geymir
n,vigur,beind
n,grænmeti,garðávextir
n,grænmetisæta,
n,gróður,
n,farartæki,
n,blæja,
n,æð,blóðæð
n,flauel,
n,hættuspil,vogun
n,Venus,morgunstjarnan
n,dómur,álykt
n,gerð,
n,skip,bátur
n,ker,
n,fyrrum hermaður,
n,fórnarlamb,
n,sigur,
n,myndband,
n,sýn,útsýni
n,viðhorf,meining
n,sveitasetur,
n,þorp,byggðahverfi
n,þorpsbúi,
n,jómfrú,
n,dyggð,
n,veira,
n,tölvuvírus,vírus
n,sýn,
n,gestur,aðkomandi
n,vítamín,bætiefni
n,rödd,málfæri
n,málsvari,formælandi
n,eldfjall,
n,hljóðstyrkur,
n,rúmtak,rúmmál
n,sjálfboðaliði,
n,kosningaréttur,
n,kjósandi,
n,úttektarmiði,
n,sigling,ferð
n,laun,borgun
n,vagn,kerra
n,mitti,beltisstaður
n,vaka,
n,veggur,
n,stríð,styrjöld
n,borgarumdæmi,
n,skjólstæðingur,
n,fatnaður,föt
n,viðvörun,aðvörun
n,heymild,leyfi
n,stríðsmaður,
n,sóun,eyðsla
n,úrgangur,rusl
n,úr,
n,vakt,gæsla
n,vatn,vessi
n,foss,
n,alda,
n,máti,vegur
n,vanmáttur,veikleiki
n,veikleiki,
n,vopn,járn
n,veður,
n,arfi,
n,vika,
n,helgi,
n,þyngdarkraftur,
n,þyngd,þungi
n,móttaka,
n,almannatryggingar,
n,velferð,
n,brunnur,
n,vesturlönd,
n,vestur,
n,hvalur,fiskreki
n,hjól,
n,hjól,reiðhjól
n,svipa,
n,viskí,
n,eggjahvíta,flóki
n,ekkja,
n,breidd,
n,eiginkona,
n,óbyggð,auðn
n,náttúrulíf,
n,vilji,viljastyrkur
n,erfðaskrá,
n,viljakraftur,
n,vinningur,fengur
n,vindur,andvari
n,gluggi,ljóri
n,vín,
n,vængur,
n,sigurvegari,
n,vetur,
n,vír,málmþráður
n,norn,
n,fráhvarf,
n,áhugaleysi,
n,vitni,
n,úlfur,gandur
n,kona,beðja
n,undur,furðurverk
n,viður,hrís
n,ull,
n,orð,
n,loforð,
n,orðalag,orðun
n,smiðja,vinnustofa
n,tilvera,veröld
n,alþjóð,
n,jörð,hnöttur
n,alheimur,
n,ormur,maðkur
n,snákur,
n,virði,dýrleiki
n,sár,áverki
n,flak,rúst
n,úlnliður,heifi
n,rithöfundur,blekberi
n,röntgengeisli,röntgenmynd
n,snekkja,lystisnekkja
n,jardi,
n,ár,
n,æska,ungdómur
n,unglingsár,æskuár
n,núll,
v,yfirgefa,hætta við
v,útrýma,eyða
v,stytta,
v,taka í sig,sjúga í sig
v,sætta sig við,taka gilt
v,fylgja,fara með
v,virkja,gera virkan
v,leggja saman,
v,aðlaga,
v,dá,dást að
v,viðurkenna,játast
v,heimila aðgang,hleypa inn
v,ættleiða,
v,taka upp,
v,sækja fram,færa sig fram
v,hafa áhrif á,orka á
v,gera sér upp,
v,hafa efni á,
v,eldast,
v,samþykkja,fallast á
v,passa við,passa saman
v,leyfa,
v,aflima,
v,skemmta,hafa ofan fyrir
v,svara,ansa
v,biðjast afsökunar,
v,áfrýja,
v,birtast,koma í ljós
v,klappa,
v,útnefna,skipa
v,meta,
v,nálgast,
v,staðfesta,votta
v,raða,
v,handtaka,
v,bera fram,
v,ganga úr skugga um,fá fullvissu um
v,spyrja,inna eftir
v,ætlast til,heimta
v,telja víst,
v,gera upptækan,
v,ráðast á,gera aðsúg að
v,laða að,laða að sér
v,veita umboð,
v,forðast,sneiða hjá
v,styðja,ljá fylgi
v,baka,
v,koma í jafnvægi,
v,útskúfa,gera útlægan
v,gera útlægan,
v,semja,verða ásátt um
v,gelta,bofsa
v,bera,
v,sigra,vinna
v,lemja,berja
v,hræra,
v,sigra,brjóta á bak aftur
v,verða,
v,betla,
v,byrja,
v,hegða sér,haga sér
v,hálshöggva,
v,tilheyra,vera í eigu es
v,beygja,sveigja
v,hneigja sig,beygja
v,veðja,
v,svíkja,blekkja
v,binda,
v,tengjast,bindast
v,bíta,glefsa
v,kenna um,drótta að
v,ásaka,
v,gjalla,gella
v,blæða,
v,blessa,hafa yfir blessunarorðin
v,hindra,aftra
v,eyða,sóa
v,stíga um borð,
v,sjóða,bulla
v,sprengja,splundra
v,fá lánað,
v,trufla,
v,hossa,
v,gorta,raupa
v,brjóta,bramla
v,afhjúpa,svifta hulinni af
v,gera hlé,
v,slíta,brjóta
v,brjótast inn,
v,anda,
v,rækta,
v,koma með,
v,gefa í aðra hönd,
v,bursta,
v,koma í staðinn fyrir,
v,svíða,
v,brenna,
v,grafa niður,kasa
v,kaupa,
v,hringja,
v,kalla,
v,kalla á,
v,segja fyrir um,
v,róa,kyrra
v,aflýsa,
v,heilla,
v,fanga,veiða
v,kæra sig um,
v,bera,halda á
v,skera,rista
v,varpa,kasta
v,skipa í hlutverk,
v,grípa,
v,ná,grípa
v,sjá fyrir mat,
v,rengja,vefengja
v,breyta,umbreyta
v,skipta,býtta
v,hlaða,
v,ákæra,
v,færa til skuldar á,
v,rukka,
v,elta,
v,merkja við,
v,athuga,gá
v,tyggja,
v,vera að kafna,standa á öndinni
v,kyrkja,
v,velja,kjósa
v,brytja,
v,staðhæfa,fullyrða
v,skýra,útskýra
v,lýsa eð leynilegt,óaðgengilegt
v,hreinsa,
v,sýkna,
v,klifra,
v,loka,byrgja
v,ljúka,
v,vera á sama tíma,
v,hníga niður,
v,safna,safna að sér
v,sameina,blanda saman
v,hugga,sefa
v,bera saman,
v,umbuna,launa
v,keppa um,
v,kvarta,ambra
v,fara milliveg,
v,viðurkenna,
v,verða barnshafandi,
v,einbeita sér,
v,fangelsa,
v,mæta,
v,óska til hamingju,
v,íhuga,
v,sameina,sameinast
v,setja saman,búa til
v,innihalda,ná yfir
v,stjórna,
v,skipa fyrir,
v,snúast til annarrar trúar,
v,sakfella,dæma sekan fordæma
v,sannfæra,fullvissa en um eð
v,falsa,
v,vinna saman,
v,bjarga sér,
v,herma eftir,
v,endurgera,taka afrit af
v,skrifast á,
v,hósta,bofsa
v,telja,kasta tölu á
v,höndla,
v,loka,
v,hrynja,detta
v,brjóta,
v,fleygja,kasta
v,brotlenda,
v,skapa,búa til
v,skríða,
v,skríða fyrir,
v,stýfa,búta af
v,bita,
v,fara  yfir,
v,sitja á hækjum sér,
v,gráta,skæla
v,rækta,yrkja
v,krulla,skrýfa
v,minnka,
v,kljúfa,rjúfa
v,blóta,bölva
v,dansa,stíga dans
v,þora,áræða
v,rökræða,ræða um
v,koma fram í fyrsta sinn,
v,ákveða,afráða
v,ákvarða,
v,hnigna,
v,draga úr,minnka
v,tileinka,
v,verja,berjast fyrir
v,skilgreina,greina
v,seinka,tefja
v,seinka,doka við
v,eyða,þurrka út
v,afhenda,
v,vísa úr landi,
v,bjarga,hjálpa
v,krefjast,
v,rífa,eyðileggja
v,mótmæla,
v,fordæma,áfellast
v,neita,aftaka
v,neita,hafna
v,fara út fyrir efnið,
v,ráðast af,
v,fyrirmuna,
v,lýsa,
v,yfirgefa,svíkjast undan merkjum
v,eiga skilið,
v,fyrirlíta,
v,hindra,
v,hraka,daprast
v,færa til nútímahorfs,
v,þjálfa,kenna
v,þróa,vinna
v,rísa,hefjast
v,helga sig,
v,lesa fyrir,
v,bila,stöðvast
v,deyja,látast
v,greina á um,
v,vera ólíkur,
v,grafa,krafsa
v,hola,hola að innan
v,meykja,
v,borða,
v,halla,
v,vísa veginn,
v,leikstýra,stýra
v,hverfa,verða á bak og burt
v,valda vonbrigðum,
v,letja,aftra
v,uppgötva,finna
v,ræða,tala um
v,dulbúast,
v,mislíka,
v,reka,segja upp
v,sýna,
v,rífast,deila
v,þýða,affrysta
v,falsa,svíkja
v,útbýta,dreifa
v,stinga sér,stingast
v,skipta niður,
v,skilja,segja skilið við
v,skrásetja,
v,ríkja,ráða yfir
v,láta af hendi rakna,
v,tvöfalda,dobla
v,efast um,
v,draga,hala
v,dragast á eftir,
v,ræsa fram,þurrka upp
v,gera jafntefli,
v,draga,
v,draga að,
v,teikna,
v,draga til baka,
v,klæða,færa í föt
v,drekka,berga
v,keyra,
v,drjúpa,
v,sleppa,láta falla
v,drukkna,
v,gefa lyf,
v,losa sig við,
v,hlera,
v,kjósa,ákjósa
v,losa við,fría frá
v,hefja,
v,ráða,
v,hvetja,áfýsa
v,auka,bæta við
v,stækka,auka
v,tryggja,
v,koma inn,ganga inn
v,ganga í,
v,sleppa,flýja
v,stofna,setja á stofn
v,ýkja,ofherma
v,fara fram úr,
v,undanskilja,
v,reka,víkja á bug
v,fyrirgefa,forláta
v,taka af lífi,
v,blómstra,vaxa
v,fjölyrða um,
v,þenja út,stækka
v,búast við,gera ráð fyrir
v,gera tilraun,prófa
v,útskýra,gera grein fyrir
v,sprengja,mola sundur
v,springa,
v,notafæra sér,
v,flytja út vörur,
v,fletta ofan af,
v,víkka,auka
v,fölna,blikna
v,bregðast,
v,líða yfir,
v,dvína,draga úr
v,falla,detta
v,kæla,
v,hrífa,töfra
v,fasta,
v,óttast,hafa beyg af
v,líða,heilsast
v,berjast,
v,fylla,fullhlaða
v,kvikmynda,filma
v,finna,
v,endurheimta,tilkalla
v,klára,
v,skjóta,hleypa af
v,búa,
v,laga að,
v,laga,bæta
v,blikka,
v,þeyta,henda
v,splæsa á sig,
v,flæða,flóa
v,blómstra,þrífast
v,roðna,setja dreyrrauðan
v,sturta,hella úr
v,fljúga,
v,brjóta saman,fella saman
v,elta,fara á eftir
v,fylgja,
v,koma á eftir,
v,slæpast,hengslast
v,banna,aftaka
v,neyða,nauðbeygja
v,þvinga,neyða
v,gleyma,lást
v,móta,
v,skipuleggja,kerfa
v,orða,framsetja
v,fóstra,
v,koma sök á,
v,ramma,
v,leysa undan,
v,frjósa,
v,frysta,
v,hræða,drepa dug úr
v,fjármagna,borga fyrir
v,græða,
v,mása,blása
v,stara,
v,framleiða,
v,fá,eignast
v,mata,ala
v,gefa eftir,láta eftir
v,gefa,láta í té
v,gefa eftir,falla
v,gefa,færa að gjöf
v,rétta,
v,kíkja,
v,stara reiðilega á,
v,líða,svífa
v,glóa,geisla
v,fara,ferðast
v,útskrifast,
v,heilsa,
v,skælbrosa,brosa
v,mala,mylja
v,andvarpa,
v,vaxa,þroskast
v,gæta,
v,geta,
v,hengja,upphengja
v,gerast,atvikast
v,meiða,særa
v,hata,
v,ásækja,
v,hafa,eiga til
v,lækna,græða
v,heyra,
v,hjálpa,
v,hika,vera á báðum áttum
v,hiksta,
v,fela,hylja
v,fela sig,hyljast
v,fara í langa gönguferð,
v,slá,kýla
v,rekast á,ljósta saman
v,verja,gæta
v,styðja,
v,taka frá,
v,halda á,
v,krækja,
v,taka á móti gestum,
v,voka,vera á sveimi
v,móðga,særa
v,dáleiða,
v,bera kennsl á,þekkja
v,hunsa,gefa engan gaum
v,vísa á bug,vísa burt
v,skýra með dæmi,gefa dæmi um
v,ímynda sér,sjá fyrir sér
v,flytja inn,
v,koma vel fyrir,
v,bæta,
v,telja með,
v,taka til,ná yfir
v,aukast,
v,leyfa sér,
v,smita,
v,blása upp,belgja
v,erfa,
v,sprauta,
v,setja inn,stinga inn
v,heimta,
v,fylla af hugmóði,
v,setja upp,
v,setja,
v,magna,auka
v,þýða,snara
v,trufla,ónáða
v,kynna,koma á
v,kynna,
v,bjóða,
v,vipra,
v,grínast,djóka
v,sleppa úr,
v,hoppa,skoppa
v,stökkva í fallhlíf,
v,réttlæta,afsaka
v,halda,vernda
v,viðhalda,
v,halda,geyma
v,halda,
v,sparka,
v,drepa,myrða
v,kyssa,flensa
v,hnoða,elta
v,krjúpa,
v,prjóna,pota
v,banka,
v,þekkja,
v,vita,vera kunnugt um
v,kunna,vita
v,lenda,
v,endast,
v,hlæja,flissa
v,hleypa af stokkunum,
v,leggja,leggja niður
v,leiða,
v,leiða,stjórna
v,leka,hripa
v,hallast,
v,læra,nema
v,kenna,
v,skilja eftir,
v,fara,fara burt
v,ánafna,
v,lána,fá
v,leigja,taka á leigu
v,rífa niður,jafna við jörðu
v,heimila,
v,sleikja,kara
v,ljúga,
v,liggja,
v,afturkalla,
v,stela verkum annarra,
v,lýsa,bera birtu
v,kveikja,
v,líka við,
v,takmarka,afmarka
v,hanga,slugsa
v,tengja,binda saman
v,telja upp,
v,hlusta,leggja við eyra
v,staðsetja,
v,læsa,
v,dveljast,
v,þrá,langa ákaft
v,virðast,líta út
v,leita,grafast fyrir um
v,tapa,
v,týna,fyrirgera
v,elska,
v,njóta,hafa yndi af
v,hleypa brúnum,hnykkla brýrnar
v,búa til,framleiða
v,elda,
v,þéna,
v,stjórna,leiða
v,takast,lánast
v,búa til,
v,ganga,marsera
v,markaðssetja,
v,ná tökum á,sigrast á
v,passa við,
v,skipta máli,
v,merkja,þýða
v,mæla,
v,safnast saman,hlaðast upp
v,hitta,
v,nefna,
v,standa ekki á sama,
v,gera minna úr,
v,blekkja,
v,sakna,lengja eftir
v,mistakast,fara úr böndum
v,skorta,
v,missa af,láta sér úr greipum ganga
v,blanda,stokka
v,líkja eftir,
v,hreyfa sig,
v,hreyfa við,
v,færa sig,
v,flytja,
v,margfalda,
v,muldra,
v,blunda,dúra
v,þurfa,
v,kinka kolli,
v,tilnefna,benda á
v,taka eftir,athuga
v,hlýða,sýna auðsveipni
v,mótmæla,andmæla
v,gera óskýranlegan,
v,fá,hljóta
v,leggja undir sig,
v,bjóða,borga
v,bjóðast til,
v,bæta upp,
v,opna,ljúka upp
v,vera á móti,vera andvígur
v,leggja á ráðin,skipuleggja
v,sjást yfir,
v,yfirþyrma,gagntaka
v,skulda,
v,pakka,pakka inn
v,mála,farða
v,mála,
v,leggja,
v,taka þátt,
v,fara í gegnum,fara yfir
v,fara fram úr,kyfirstíga
v,líða hjá,ganga yfir
v,setja lög,
v,standast,
v,fara framhjá,
v,borga,blæða
v,smjúga inn í,komast inn í
v,skynja,verða es áskynja
v,gata,
v,flytja,leika
v,þybbast við,þverskallast
v,ljósrita,
v,velja,
v,tína,
v,raða,fylkja
v,skipuleggja,plana
v,hanna,
v,leika,
v,spila,
v,leika sér,frílysta sig
v,rökræða,
v,gleðja,vera em til ánægju
v,heita,
v,ráðgera,leggja á ráðin
v,kortleggja,
v,setja tappa í,
v,eitra,
v,fægja,bóna
v,smella,bella
v,festa upp tilkynningu,
v,fresta,skjóta á frest
v,hópast,flykkjast
v,hella,buna
v,biðja,ákalla
v,biðja,
v,predika,
v,koma á undan,vera á undan
v,vilja fremur,vilja heldur
v,afhenda,afsala sér
v,þrýsta á,pressa á
v,kreista,klípa
v,prenta,
v,kunngera,tilkynna
v,græða,auðgast
v,lögsækja,
v,sanna,
v,útvega,ná í
v,espa,
v,áreita,ónáða
v,gefa út,
v,draga út,
v,pumpa,
v,kýla,slá
v,refsa,hegna
v,auglýsa,kunngera
v,ýta á,
v,breyta,
v,vera hæfur til,
v,yfirheyra,
v,hætta,
v,vitna í,
v,þjóta,fara hratt
v,byggja,
v,reisa,lyfta
v,safna,
v,ala upp,
v,hækka,
v,nauðga,
v,afreka,
v,ná,
v,lesa,
v,gera sér ljóst,
v,mæla með,hampa
v,ná sér,batna
v,fá nýja meðlimi,
v,endurvinna,
v,láta lausan,
v,vísa til,
v,íhuga,hugsa um
v,endurkastast,
v,hafna,afbiðja
v,sjá eftir,iðra
v,styrkja með umbun,
v,hafna,útrýma
v,tengja saman,binda saman
v,slappa af,
v,sleppa,gefa lausan
v,losa undan,
v,gefa upp á bátinn,
v,treysta,reiða sig á
v,vera eftir,haldast
v,minnast,halda upp á
v,minna á,áminna
v,endurtaka,
v,koma í staðinn fyrir,leysa af
v,vera fulltrúi,
v,standa fyrir,
v,endurgera,
v,biðja um,beiða
v,skipa,stjórna
v,líkjast,bera keim af
v,taka eu illa,
v,segja upp,
v,standast,rísa undir
v,sporna við,streitast gegn
v,virða,bera virðingu fyrir
v,hvíla sig,
v,halda aftur af,
v,muna,geyma í minni
v,fara í háttinn,
v,fara á eftirlaun,
v,hörfa,
v,fara til baka,
v,skila,
v,endurgreiða,
v,svifta hulinni af,
v,umsnúa,snúa við
v,minnast,muna óljóst
v,endurskoða,
v,lífga við,
v,stríða,erta
v,ferðast með faratæki,
v,hljóma,óma
v,fara á fætur,
v,stíga,hækka
v,standa upp,standa á fætur
v,rísa,hefja sig
v,hætta á,taka áhættu
v,drynja,gnýja
v,ræna,láta greipar sópa
v,rugga,vagga
v,snúa,hringsnúa
v,ráfa,reika
v,róa,
v,nudda,niða
v,klóra sér,
v,stýra,stjórna
v,bjóða sig fram,
v,ganga,
v,hlaupa,taka á rás
v,flæða,renna
v,flýja,
v,sigla,
v,safna,leggja til hliðar
v,segja,
v,skanna,
v,dreifa,
v,grauta saman,
v,skrapa,skafa
v,klóra,
v,öskra,hrópa
v,kemba,
v,sigta út,
v,svindla á,
v,skrúfa,
v,innsigla,
v,treysta,festa
v,sjá,skilja
v,rekast á,hitta
v,sjá,koma auga á
v,leita að,
v,grípa,góma
v,selja,koma í peninga
v,senda,
v,senda út,sjónvarpa
v,greinast,kvíslast
v,skilja,
v,mismuna,
v,þjóna,stjana við
v,stilla,
v,gróðursetja,
v,setjast,lenda
v,setjast að,hola sér niður
v,útkljá,gera út um
v,sættast,jafna eð með sér
v,sökkva,hverfa niður
v,hrista,
v,deila,
v,mölva,
v,raka,
v,hella niður,missa niður
v,haggast,hreyfast
v,pússa,
v,skína,geisla
v,skjálfa,titra
v,gera höggdofa,gera agndofa
v,hneyksla,ganga fram af
v,spíra,
v,öskra,kalla
v,svívirða,auðmykja
v,sýna,láta ásannast
v,minnka,þorna upp
v,yppta öxlum,yppa öxlum
v,fara í skoðunarferð,
v,skrifa undir,
v,syngja,kvaka
v,taka sopa,dreypa á
v,sitja,
v,skauta,falda
v,skella,
v,slá með flötum lófa,
v,líða,sveima
v,renna,skrensa
v,hokra,
v,mölbrjóta,mölva
v,lykta,anga
v,finna lykt af,
v,brosa,
v,reykja,
v,bresta,slitna
v,hreyta út úr sér,
v,grípa,þrífa
v,smella,
v,ræna,
v,anda að sér,
v,hjúfra sig,
v,gegnbleyta,
v,leggja of mikið á,
v,veðsetja,pantsetja
v,stíga upp,hækka sig
v,leysa,
v,sá,
v,sjá af,missa af
v,hlífa,skýra
v,braska,
v,fara of hratt,
v,hella niður,
v,skálda,spinna upp
v,spinna,
v,hringsnúast,snúast
v,spýta,hrækja
v,kjúfa,fleyga sundur
v,rotna,spillast
v,skaða,spilla
v,ofdekra,spilla
v,úða,
v,dreifa,útbreiða
v,breiða úr,
v,hefja í annað veldi,
v,faðma,lykja örmum
v,merja,kremja
v,kúga,
v,stinga,leggja
v,bletta,
v,vera með hleypidóma,
v,stappa,trampa
v,þola,taka
v,standa,standa upp
v,fara,yfirgefa
v,vera,vera kyrr
v,stíga,ganga
v,misþyrma,fara illa með
v,halda fast við,
v,stinga,
v,hræra,dulla
v,stoppa,nema staðar
v,hætta,leggja niður
v,geyma,
v,geysa,
v,teygja,strengja
v,leggja áherslu á,
v,teygja,teygja á
v,skálma,skrefa
v,stroka út,
v,fara í verkfall,
v,afklæða sig,hátta
v,strjúka,gæla við
v,labba,
v,læra,
v,gleypa í sig,
v,hrasa,hnjóta
v,beygja sig undir,
v,þjást,
v,stinga uppá,gera tillögu um
v,vekja,kalla fram
v,hæfa,henta
v,setja fram tilgátu,
v,bæla niður,
v,umkringja,slá hring um
v,halda uppi,styðja
v,gleypa við,
v,gleypa,hvoma
v,sverja,
v,sópa,buska
v,bólgna,belgjast upp
v,synda,fleyta sér
v,fljóta,
v,róla,
v,sópa,
v,skipta á,hafa skipti á
v,taka,
v,koma með,bera
v,tala,babla
v,tappa af,
v,banka,slá létt
v,smakka,
v,segja frá,
v,freista,
v,hræða,ógna
v,vitna,
v,þakka,flytja þakkir
v,hugsa,
v,trúa,hafa trú á
v,muna,koma eu fyrir sig
v,hóta,
v,rugla,trufla
v,kasta,henda
v,tifa,
v,hnýta,binda hnút
v,tímasetja,taka tímann
v,tipla,
v,kollsteypast,velta
v,þola,umbera
v,gereyðileggja,gereyða
v,snerta,koma við
v,þjálfa,
v,umbreyta,gerbreyta
v,trampa,traðka á
v,meðhöndla,
v,fara með,
v,hrasa,misstíga sig
v,trufla,raska
v,prófa,prufa
v,reyna,
v,reyna fyrir rétti,
v,hrasa,falla
v,snúa,snúa við
v,snúa,
v,iða,vera á iði
v,undirstrika,
v,grafa undan,
v,skilja,átta sig á
v,setja sig í annars spor,hafa samúð með
v,takast á við,
v,endurnýja,
v,kollvarpa,trufla
v,hvolfa,velta
v,hvetja,
v,nota,beita
v,gefa frá sér hljóð,
v,heimsækja,fara til
v,bíða,dveljast
v,vakna,bregða blundi
v,vilja,langa
v,vara við,
v,þvo,
v,þvo,lauga
v,horfa á,
v,veifa,blaka
v,klæðast,
v,vefa,
v,vigta,
v,vega,vera að þyngd
v,hýða,húðstrýkja
v,hvísla,hvískra
v,breikka,
v,vinna,
v,vinda upp,
v,þurrka,
v,hætta við,
v,æfa,hreyfa sig
v,vinna,starfa
v,hafa áhyggjur,
v,pakka inn,pakka
v,glíma,þreyta fangbrögð
v,skrifa,festa á blað
v,stafa,stafsetja
v,semja tónlist,
v,geispa,gapa
